estado_limpo,clientes,saldo_devedor,saldo_inadimplente,taxa_inadimplencia
SP,808,13578768.26,2378953.4299999997,0.1564245810055866
MG,320,5580644.46,1097115.25,0.15168539325842698
RJ,330,4918928.64,711882.75,0.14121037463976946
PR,240,3767265.5,456956.1600000001,0.1183206106870229
RS,203,3166930.35,422058.26,0.1141552511415525
GO,181,2675354.98,446329.23,0.15151515151515152
PE,158,2549900.58,339803.6600000001,0.12716763005780346
DF,146,2390591.96,354508.82,0.11875
SC,139,2379094.63,235426.83,0.1118421052631579
BA,151,2199375.59,214767.97,0.09580838323353294
CE,130,1660241.79,214934.72,0.1258741258741259
