id_cliente,idade,estado,renda_mensal,tempo_cliente_meses
1,58,SP,2180.62,51
2,34,SP,2800.28,16
3,39,RJ,4324.25,43
4,43,GO,3279.04,44
5,30,PE,2404.6,24
6,39,MG,5133.85,8
7,39,PR,2404.35,4
8,21,SP,3135.8,16
9,50,SP,4259.7,13
10,46,SP,2611.91,6
11,32,BA,4037.55,20
12,37,BA,2729.28,23
13,45,SP,16439.98,20
14,36,SP,3089.34,15
15,36,DF,5601.4,41
16,23,PE,2417.74,46
17,45,RJ,2093.92,3
18,40,DF,3590.48,14
19,42,RS,3180.38,55
20,22,GO,3186.91,11
21,57,RJ,3763.6,80
22,41,RJ,6187.29,19
23,35,GO,,35
24,61,RJ,11438.53,33
25,39,BA,3941.36,14
26,23,RJ,10313.86,27
27,35,PR,9598.27,14
28,21,DF,2701.98,28
29,51,PR,2912.35,18
30,34,SP,3581.09,21
31,31,SP,10967.37,19
32,51,RJ,3486.61,23
33,21,MG,3299.11,11
34,45,PE,7984.84,22
35,21,SP,3399.79,44
36,32,GO,3445.81,12
37,26,RJ,5178.27,20
38,55,SP,4107.1,22
39,58,SP,1600.0,16
40,35,PR,1889.69,37
41,48,SP,5463.0,7
42,37,RS,1704.25,40
43,45,PR,7236.79,21
44,31,SP,3571.17,29
45,21,RJ,4257.33,18
46,21,RS,4322.28,16
47,43,MG,1600.0,36
48,64,RS,2516.45,25
49,42,SP,2092.18,23
50,33,DF,4221.42,31
51,60,SP,8505.72,21
52,42,CE,3280.09,15
53,40,RS,3854.82,18
54,42,SP,1600.0,21
55,38,MG,3026.51,30
56,36,RJ,3251.95,18
57,23,RJ,3351.88,7
58,45,MG,5143.31,40
59,38,MG,7968.42,20
60,52,RJ,3684.06,12
61,35,RS,4603.6,24
62,21,SP ,1600.0,8
63,38,SP,5174.03,6
64,58,RJ,3789.58,22
65,35,GO,1600.0,11
66,29,BA,4472.39,23
67,26,SP,2602.13,21
68,27,RJ,6457.61,5
69,36,MG,4783.74,24
70,26,SP,3898.28,14
71,55,PR,9490.9,11
72,36,GO,3419.07,33
73,40,RJ,3153.79,16
74,55,RS,3805.05,17
75,56,SP,3985.09,14
76,37,MG,2353.79,19
77,43,GO,5112.43,65
78,47,PE,4719.39,25
79,37,BA,2821.01,20
80,21,PR,1609.24,12
81,46,DF,7272.65,31
82,49,RJ,7745.47,6
83,44,SP,6204.46,19
84,29,MG,6534.0,57
85,37,BA,10212.86,2
86,33,RJ,4628.61,46
87,36,GO,9444.31,25
88,53,SP,3603.94,9
89,56,SP,2442.47,31
90,46,SP,3973.43,21
91,45,SP,3331.36,9
92,46,pr,5180.63,10
93,39,MG,10681.2,31
94,38,MG,5006.02,25
95,32,SP,7064.7,26
96,38,DF,12779.14,36
97,64,sp,10687.64,34
98,49,SC,4218.76,56
99,35,SP,2785.24,84
100,34,SP,12852.9,52
101,29,RS,2239.76,30
102,43,RS,1600.0,14
103,43,SP,1600.0,16
104,23,SP,7656.41,32
105,44,PE,1805.6,3
106,33,SC,3514.71,13
107,55,RS,3762.76,34
108,41,RJ,8253.75,25
109,58,GO,1908.57,24
110,34,SP,4161.7,12
111,36,PR,4772.73,26
112,42,RS,8756.46,28
113,51,BA,3551.58,35
114,45,GO,4702.49,19
115,25,SP,3478.9,10
116,41,SP,7376.5,55
117,39,RJ,6801.43,9
118,34,GO,3283.96,19
119,32,SP,5486.12,17
120,58,MG,1805.88,11
121,35,SP,4222.84,5
122,30,SP,2506.11,28
123,46,SP,3243.12,9
124,40,PR,7086.99,14
125,38,SP,13259.84,15
126,48,SP,4576.5,19
127,44,SP,3787.45,15
128,43,MG,3407.12,51
129,50,BA,6177.71,30
130,42,RJ,3713.33,38
131,32,PE,7016.96,13
132,35,DF,9531.78,14
133,33,SC,5784.55,2
134,41,DF,3320.28,48
135,27,SP,6237.3,5
136,21,PR,2811.59,2
137,40,BA ,1600.0,26
138,24,SP,7688.45,11
139,21,PE,11777.23,36
140,43,SC,8500.73,16
141,31,BA,3374.98,19
142,44,SP,1600.0,16
143,33,CE,2746.67,46
144,27,SP,5771.13,29
145,25,SP,3300.66,23
146,33,BA,8794.12,42
147,36,PR,2620.19,6
148,30,SP,5369.98,2
149,36,SC,4624.67,1
150,22,SP,4709.64,24
151,39,PR,1886.91,29
152,21,SC,3857.31,13
153,37,SP,4714.12,24
154,47,MG,3271.3,1
155,51,RJ,1982.71,36
156,58,PR,3113.84,18
157,22,BA,2403.73,54
158,47,SP,4918.95,62
159,52,MG,6921.85,37
160,50,MG,4862.81,7
161,29,SP,4974.41,41
162,44,RJ,3675.65,14
163,59,SP,4509.19,62
164,23,RJ,1600.0,23
165,44,SP,4220.39,7
166,51,RJ,6603.44,45
167,31,CE,3028.11,25
168,45,SP,5929.01,6
169,27,PR,1765.94,69
170,30,RS,4148.48,13
171,30,SP,3644.3,35
172,41,GO,5221.91,19
173,38,MG,4376.58,21
174,49,PE,13758.72,9
175,29,SP,1600.0,29
176,38,MG,1814.31,20
177,50,SP,2781.47,26
178,45,RS,4250.33,16
179,24,MG,2823.37,33
180,46,MG,2777.37,25
181,34,SP,1690.24,33
182,43,PE,1904.21,10
183,42,RJ,2490.98,15
184,52,MG,9307.56,12
185,40,SP,2572.97,12
186,21,SP,18453.68,29
187,24,BA,7252.63,21
188,47,GO,3435.5,11
189,36,SP,6324.22,19
190,52,RS,7087.4,51
191,42,RS,2078.52,23
192,31,PR,1644.77,9
193,51,SP,9067.98,16
194,30,RJ,2373.77,29
195,21,SP,6510.39,4
196,62,SP,5874.99,3
197,21,SP,1602.33,7
198,46,DF,5769.2,19
199,49,RJ,5510.35,11
200,41,CE,8200.23,19
201,21,MG,3962.31,27
202,50,SP,5193.95,14
203,23,CE,4977.4,18
204,24,RJ,3546.39,18
205,35,SP,9987.36,34
206,48,GO,6893.83,28
207,42,SP,9448.6,29
208,48,PR,4916.41,21
209,34,GO,7690.4,10
210,37,RJ,2384.62,10
211,26,SP,2864.0,25
212,36,GO,7023.31,13
213,46,SP,3559.87,15
214,36,SP,3243.23,8
215,44,RJ,4406.6,27
216,33,MG,1683.94,19
217,32,SP,4427.55,13
218,39,SP,5290.13,16
219,37,MG,3380.23,20
220,46,MG,2169.27,39
221,41,SP,10626.37,45
222,58,RJ,5105.37,6
223,37,PR,2289.7,33
224,37,PR,2913.45,38
225,28,MG,1650.66,14
226,39,MG,1600.0,21
227,47,PR,1600.0,7
228,31,BA,2543.06,13
229,38,PE,5091.94,7
230,47,SP,6068.77,13
231,38,RS,3785.48,23
232,33,RS,7092.98,20
233,50,CE,5521.31,39
234,40,RJ,2137.56,9
235,43,BA,2531.68,26
236,52,MG,4722.46,28
237,52,SP,5878.59,8
238,35,MG,7349.56,36
239,33,BA,1888.17,46
240,42,MG,1600.0,35
241,38,RJ,12323.19,48
242,21,BA,3466.08,15
243,53,RS,7027.8,15
244,39,RS,4130.19,19
245,47,RJ,1888.75,30
246,26,PR,8798.62,32
247,53,SP,5262.83,84
248,33,SP,9201.44,11
249,38,RJ,5689.34,28
250,24,MG,2359.21,15
251,37,DF,3991.38,20
252,36,RJ,7081.2,7
253,37,SP,2786.84,26
254,44,SP,4532.47,25
255,40,PR,7772.3,33
256,50,MG,2065.66,30
257,34,SP,3331.93,28
258,28,PE,4511.78,5
259,39,RJ,6958.2,45
260,46,CE,3890.85,12
261,53,RS,2761.97,37
262,48,SP,5596.4,30
263,21,SP,2931.27,27
264,43,MG,5177.4,24
265,55,GO,5009.03,21
266,40,PE,3689.52,31
267,33,BA,6605.37,15
268,42,MG,7896.09,24
269,33,RJ,2002.01,7
270,46,PR,5489.96,11
271,39,RJ,3761.97,4
272,54,SC,3492.06,17
273,44,PR,4323.75,27
274,31,RJ,7903.69,32
275,46,RJ,3809.94,7
276,49,SC,3459.86,15
277,33,SP,2070.63,14
278,34,MG,3775.29,52
279,21,SP,4140.35,23
280,49,DF,2448.99,17
281,33,SP,3507.4,27
282,21,PR,5404.33,47
283,21,MG,8939.13,11
284,37,CE,3558.08,16
285,47,PR,12509.46,17
286,38,PR,7231.83,16
287,44,CE,6746.11,16
288,27,SP,5807.18,7
289,24,SP,4435.99,35
290,49,RJ,2975.92,28
291,44,SP,4061.12,13
292,39,SC,4362.57,27
293,53,GO,4617.93,13
294,29,SC,9883.44,30
295,34,CE,12765.21,29
296,50,CE,5713.33,8
297,59,DF,7383.47,5
298,39,SP,2918.51,20
299,57,RS,1600.0,9
300,32,RS,4042.18,37
301,43,MG,4900.49,10
302,37,BA,9262.56,12
303,22,SP,16221.66,19
304,42,SP,4966.29,27
305,49,PE,8806.44,24
306,37,SP,7926.99,28
307,38,SP,4845.79,33
308,54,SP,6791.58,18
309,25,MG,5325.52,20
310,23,GO,10137.77,18
311,32,SP,2415.88,20
312,26,PE,1600.0,18
313,54,DF,4653.75,27
314,42,CE,7197.72,24
315,29,PE,7722.44,26
316,32,MG,3171.93,22
317,70,RJ,5850.42,55
318,32,SP,3027.57,11
319,31,BA,6317.33,27
320,42,SP,2881.02,62
321,46,SP,2405.22,25
322,41,MG,7290.47,12
323,29,GO,2180.33,9
324,26,SP,1932.06,48
325,46,RS,6717.29,9
326,38,SP,4593.85,15
327,21,SP,1600.0,74
328,52,MG,8328.37,27
329,48,MG,2211.02,21
330,36,MG,3386.25,27
331,36,SP,4085.27,39
332,42,BA,13162.06,54
333,31,RJ,4291.6,16
334,24,SP,7152.03,11
335,43,SP,4029.28,20
336,23,DF,5762.99,10
337,43,SC,2005.59,2
338,23,RJ,4355.09,46
339,38,CE,3108.69,31
340,38,RJ,2491.14,13
341,59,PR,5123.91,6
342,27,SP,7705.6,9
343,23,SP,5653.15,40
344,32,SC,3658.44,23
345,27,PE,6516.14,28
346,33,GO,2365.24,7
347,44,SP,5183.44,10
348,47,SP,5794.13,28
349,57,SP,4148.23,60
350,31,CE,3786.09,18
351,68,RS,4652.7,20
352,61,RJ,3188.42,30
353,37,PR,3854.87,17
354,21,SP,6519.68,28
355,38,RJ,1600.0,58
356,40,SP,8638.29,7
357,21,SP,5591.67,40
358,40,SP,4893.48,7
359,37,RJ,2501.11,8
360,30,MG,3466.3,14
361,46,PR,3131.88,4
362,50,SP,6306.5,11
363,34,MG,6137.52,35
364,42,GO,8174.31,7
365,32,SC,4479.6,18
366,30,SP,,30
367,40,PE,2547.57,36
368,45,PE,3529.66,9
369,33,SP,5170.92,15
370,21,PR,1891.12,6
371,45,SP,3854.72,8
372,21,RJ,4454.28,10
373,40,SP,3096.59,13
374,59,RS,3868.13,13
375,39,MG,14927.51,2
376,26,SP,4238.72,11
377,23,SP,12655.83,13
378,52,GO,4878.84,28
379,39,SP,2899.49,16
380,45,PR,5784.36,8
381,49,DF,3411.8,13
382,38,SP,4115.26,7
383,36,SP,1600.0,43
384,29,PE,5153.73,41
385,21,SP,3090.55,36
386,22,CE,7893.13,16
387,38,MG,4511.84,16
388,37,CE,3447.73,18
389,43,RJ,2388.95,16
390,38,MG,4285.86,73
391,41,MG ,3448.08,29
392,48,PE,2766.75,11
393,29,SP,11749.09,17
394,36,MG,3903.21,21
395,21,CE,6883.6,36
396,50,BA,9423.72,19
397,39,RJ,5263.59,76
398,44,GO,5944.21,7
399,56,SP,5560.07,21
400,51,DF,7121.16,28
401,38,DF,5769.17,8
402,48,SP,5539.3,22
403,23,DF,4542.84,12
404,44,PR,3234.48,17
405,41,BA,3324.51,12
406,21,CE,2972.2,7
407,54,SP,4677.06,46
408,31,SP,8599.64,25
409,47,CE,2514.53,10
410,34,SP,3016.13,20
411,50,GO,2460.95,22
412,53,SP,4077.98,11
413,30,DF,7344.37,22
414,22,SP,3503.14,20
415,38,PR,4960.31,55
416,48,SP,1600.0,34
417,35,SP,3873.96,31
418,32,SP,5469.62,14
419,44,MG,3003.34,26
420,21,SP,1726.47,11
421,32,MG,5391.17,13
422,24,SP,3953.94,23
423,42,SP,11252.7,26
424,31,RJ,3062.08,84
425,27,RJ,3854.95,10
426,35,SP,3410.11,23
427,23,MG,4434.36,3
428,39,BA,1600.0,30
429,31,CE,8785.32,10
430,35,CE,5934.82,41
431,31,CE,3705.76,18
432,49,MG,3450.22,7
433,38,RS,5565.41,9
434,45,SC,5105.66,15
435,44,SP,3341.78,42
436,30,PR,3833.63,35
437,45,SP,,23
438,43,GO,3331.55,26
439,42,SP,3510.16,31
440,35,RS,3331.85,24
441,34,SP,3452.06,24
442,48,DF,2074.31,8
443,63,RS,2515.56,14
444,30,SP,5131.91,5
445,45,SP,6445.89,12
446,35,CE,4083.64,42
447,48,GO,1600.0,24
448,44,PE,1878.79,18
449,51,RS,5247.66,15
450,21,RJ,10500.59,46
451,32,SP,8098.8,9
452,28,RJ,,10
453,38,SC,3471.82,7
454,31,SP,3328.65,8
455,32,SC,10798.68,21
456,47,SP,4776.98,40
457,60,MG,2553.24,21
458,21,SP,,13
459,36,MG,,23
460,42,SP,1600.0,47
461,39,BA,2991.61,8
462,35,PE,7280.77,11
463,24,PE,6906.05,55
464,29,SP,2148.27,13
465,47,SP,4214.86,3
466,51,GO,6793.72,8
467,40,MG,5086.82,13
468,30,SP,2388.51,42
469,40,SP,3822.91,34
470,36,DF,6058.09,15
471,45,PR,5519.68,7
472,40,SP,2509.92,42
473,32,RJ,15086.52,46
474,41,SP,4777.36,34
475,26,PR,,10
476,48,PE,3545.41,10
477,52,RJ,1600.0,43
478,26,SP,2925.09,5
479,44,SP,4149.88,7
480,28,CE,15669.71,62
481,51,PE,4723.42,29
482,49,PR,5193.07,31
483,36,MG,6423.69,2
484,50,SP,4772.81,30
485,34,RJ,3082.05,35
486,32,RJ,8890.25,25
487,33,SC,5649.8,13
488,37,DF,9844.71,60
489,35,DF,7451.92,17
490,41,SC,2572.71,10
491,32,DF,3336.6,61
492,47,MG,3436.61,22
493,50,SP,3471.89,72
494,34,GO,5455.29,20
495,23,CE,3891.66,22
496,47,DF,2790.12,6
497,52,SP,9474.26,11
498,37,MG,8951.63,10
499,25,PR,4379.16,4
500,42,RJ,2423.69,7
501,56,SP,3073.3,7
502,21,SC ,2859.18,21
503,44,PR,2654.73,25
504,36,SP,2542.19,3
505,30,RJ,4889.85,35
506,44,SP,5049.34,11
507,25,SP,5424.97,8
508,42,CE,2602.0,6
509,53,MG,5051.32,30
510,41,CE,12583.43,4
511,29,SP,4886.33,9
512,21,SP,3485.88,73
513,25,PR,18753.02,37
514,21,SP,5099.18,39
515,57,DF,3075.3,48
516,36,DF,6933.06,5
517,28,SP,2937.24,27
518,25,SP,3546.87,26
519,27,SP,7420.15,15
520,35,RJ,3107.23,6
521,25,BA,1940.14,16
522,57,PR,6311.21,22
523,31,CE,6772.23,9
524,30,PE,2054.36,45
525,42,SP,3577.05,24
526,55,SP,7755.31,22
527,54,MG,4945.93,9
528,34,MG,6779.51,24
529,42,DF,4058.91,23
530,41,RJ,3081.29,32
531,45,DF,3206.34,7
532,42,SP,3672.96,10
533,29,PE,4776.76,16
534,25,CE,1600.0,14
535,41,DF,1600.0,9
536,26,RS,4366.21,54
537,54,SP,6243.03,28
538,39,CE,3052.83,13
539,28,RJ,4374.31,39
540,35,rj,2442.1,21
541,33,RJ,2075.16,14
542,38,PR,4751.48,35
543,49,SP,4205.71,14
544,23,MG,3317.43,33
545,21,GO,2166.31,13
546,43,CE,4533.39,47
547,37,SP,4217.61,11
548,41,RS,3802.77,50
549,44,CE,4084.88,31
550,37,CE,3574.89,52
551,48,MG,5760.51,10
552,29,GO,5379.84,9
553,40,PR,11304.73,17
554,30,DF,9231.83,5
555,27,RJ,4231.61,1
556,46,SP,2240.96,19
557,45,SP,6065.21,23
558,21,BA,3129.91,11
559,27,SP,9756.54,6
560,42,MG,1945.21,12
561,51,SP,3422.9,2
562,32,GO,9812.65,15
563,37,MG,4314.92,27
564,23,GO,6342.58,47
565,67,DF,6121.04,17
566,44,GO,3308.46,14
567,49,MG,6734.7,4
568,46,MG,2695.97,15
569,49,CE,3607.57,21
570,46,RS,13333.76,25
571,35,DF,3887.96,10
572,47,SP,5222.39,5
573,40,DF,2416.14,8
574,53,MG,8771.4,35
575,31,SC,2619.37,13
576,33,GO,2878.19,6
577,46,RJ,3099.68,21
578,53,RS,2578.85,16
579,41,MG,1997.68,14
580,31,BA,3650.61,5
581,38,RS,3290.5,9
582,34,SP,4037.54,69
583,60,PE,2517.37,13
584,49,SP,2626.53,48
585,53,RS,3584.1,32
586,42,SC,4244.94,12
587,33,SP,2586.68,38
588,52,BA,,47
589,57,PR,3741.85,24
590,45,RS,7448.36,32
591,39,SP,5946.69,24
592,51,RJ,5537.57,20
593,35,SP,7257.96,40
594,47,MG,3019.84,7
595,31,SC,8723.79,15
596,28,SC,4672.31,7
597,45,SP,3256.31,27
598,43,CE,5251.3,18
599,60,SP,2388.76,16
600,36,MG,10922.47,34
601,39,SC,4848.79,18
602,26,MG,1907.38,33
603,21,PR,2321.69,24
604,21,SC,3227.24,33
605,44,PR,3141.49,7
606,26,RS,5383.85,16
607,51,SP,6773.3,7
608,55,SP,7286.31,23
609,36,GO,5649.49,15
610,57,SP,2569.81,20
611,41,GO,7682.06,9
612,51,RS,8140.44,21
613,37,MG,1600.0,32
614,50,RJ,3120.8,6
615,29,RJ,3497.85,7
616,46,MG,2788.83,25
617,34,SP,7350.5,53
618,38,BA,5393.37,13
619,46,SP,4357.28,31
620,41,SP,2200.79,35
621,38,PR,1600.0,10
622,47,SP,2562.53,14
623,48,GO,2703.76,22
624,24,PE,2601.6,29
625,45,SP,1600.0,44
626,46,SC,1855.06,8
627,31,PE,3334.3,22
628,43,SP,5011.6,54
629,24,SP,3156.67,13
630,55,SP,3694.5,27
631,36,SP,4020.67,26
632,38,BA,4029.94,49
633,52,RS,7934.64,13
634,37,MG,2727.49,15
635,46,MG,4658.52,10
636,27,PR,2061.59,62
637,33,RJ,7835.37,11
638,24,RJ,6169.85,30
639,37,MG,7092.93,15
640,50,CE,4434.6,10
641,41,PR,3914.58,25
642,49,SP,2109.32,17
643,28,PE,4943.13,38
644,29,SC,8654.96,18
645,34,SP,1600.0,31
646,45,MG,10672.0,16
647,43,PE,2698.47,17
648,39,PE,5405.36,23
649,46,RJ,2705.78,20
650,37,MG,3857.13,62
651,39,SP,6484.87,65
652,53,RS,3795.23,17
653,33,SP,11021.47,40
654,41,MG,4280.42,15
655,57,PR,5933.52,22
656,40,CE,3014.04,26
657,47,PE,3204.25,24
658,32,SC,3387.59,39
659,61,SP,5488.9,13
660,21,MG,10231.55,84
661,27,SP,4271.26,24
662,27,PE,2107.02,10
663,57,PE,3021.68,27
664,43,SP,2012.77,14
665,36,PR,5442.75,43
666,25,PR,4257.79,16
667,43,PR,2360.98,13
668,40,BA,3461.47,18
669,31,MG,6941.41,3
670,23,BA,5370.7,18
671,27,RJ,3091.11,10
672,41,PR,6286.36,39
673,42,PE,5181.83,53
674,40,SP,3128.63,7
675,37,SP,4636.59,21
676,21,PR,11465.92,9
677,40,CE,2326.72,17
678,28,PR,7255.12,27
679,39,MG,3896.25,6
680,44,DF,5895.63,27
681,32,DF,5204.19,12
682,28,SP,4883.16,15
683,50,RS,3865.29,16
684,43,BA,4207.09,13
685,32,BA,6037.68,19
686,21,SP,5371.93,17
687,38,CE,1919.55,25
688,46,GO,5364.19,13
689,51,MG,8481.05,18
690,32,SP,6790.82,41
691,32,DF,4703.45,15
692,34,SP,1600.0,2
693,48,SC,5770.67,31
694,26,RJ,5993.85,29
695,38,MG,9209.87,21
696,29,GO,2517.31,60
697,42,RS,3704.56,35
698,22,SP,3160.27,82
699,43,RS,3633.63,28
700,34,SP,1663.56,9
701,37,DF,3259.3,17
702,45,DF,3327.87,59
703,52,SP,3425.04,10
704,21,PR,9853.45,55
705,50,SP,2986.71,36
706,45,MG,3294.12,30
707,36,MG,7635.06,22
708,54,MG,3090.38,8
709,41,RJ,7964.46,2
710,53,SP,5319.08,4
711,32,PR,2980.75,38
712,29,SP,2855.81,15
713,52,DF,4496.1,31
714,63,GO,3755.39,30
715,46,SP,4393.63,10
716,49,RJ,3061.19,9
717,34,PE,5724.26,19
718,24,CE,2906.03,22
719,37,RJ,3238.42,45
720,56,GO,3779.53,7
721,21,PR,2119.29,36
722,34,SC,3511.28,26
723,21,GO,3725.97,9
724,40,MG,1914.18,2
725,49,RJ,1600.0,47
726,25,PR,8101.24,17
727,34,SP,3599.35,27
728,54,SC,3852.23,45
729,38,SC,2956.18,13
730,25,MG,9709.49,15
731,25,PR,3717.55,21
732,21,PR,1600.0,26
733,48,SP,5403.04,14
734,31,SP,2459.92,27
735,51,MG,5249.99,36
736,49,BA,3869.19,52
737,32,GO,8243.38,24
738,33,SP,5373.27,33
739,48,MG,3395.39,10
740,41,PE,8969.54,64
741,42,BA,18102.61,37
742,21,RJ,3130.69,10
743,49,RS,7506.58,45
744,29,MG,5117.92,17
745,21,BA,5331.59,16
746,32,SP,2145.15,38
747,44,BA,2472.92,24
748,62,SP,8999.4,14
749,35,SP,4547.65,30
750,24,SP,3145.46,18
751,62,PR,11089.89,28
752,41,MG,8121.67,29
753,36,PE,6245.95,12
754,27,BA,2477.06,18
755,28,SP,4177.06,19
756,55,RJ,9312.68,18
757,36,RJ,1600.0,18
758,33,PE,,65
759,33,RS,2727.66,12
760,56,SC,7119.73,35
761,33,CE,4763.25,17
762,46,RJ,5428.01,47
763,42,PR,4677.35,54
764,42,CE,4451.48,43
765,29,MG,8091.08,37
766,46,RJ,22000.0,84
767,57,SP,5432.86,11
768,38,RJ,8581.96,29
769,29,SP,3323.51,12
770,25,SP,10054.03,39
771,41,RS,4446.1,41
772,36,PR,4658.34,35
773,38,GO,3290.41,8
774,39,PE,2792.33,3
775,23,BA,3144.37,26
776,48,SP,2489.63,5
777,42,SP,,17
778,38,RJ,11529.12,45
779,42,SC,5388.54,38
780,49,MG,7242.43,21
781,40,SP,5573.15,9
782,30,MG,1949.25,57
783,52,SP,4308.38,23
784,34,PR,2606.26,16
785,31,RS,2731.13,13
786,22,SP,3977.8,28
787,39,CE,4632.12,16
788,27,SP,4451.19,29
789,33,MG,4533.87,20
790,44,SP,3614.93,31
791,39,SP,4303.46,17
792,50,MG,8372.26,25
793,42,RS,13972.39,43
794,35,PR,7799.37,4
795,35,SP,3748.02,11
796,33,GO,5242.96,14
797,46,BA,7150.68,43
798,39,SP,7330.63,39
799,34,SP,8257.29,13
800,48,SP,8340.03,5
801,40,SP,5279.33,7
802,34,SP,3630.38,23
803,22,PR,1822.95,27
804,44,SP,7593.33,32
805,42,SP,5918.31,18
806,40,PE,2644.86,36
807,34,SP,4257.76,21
808,30,BA,3394.13,17
809,37,DF,3317.9,24
810,42,SC,10959.89,36
811,38,PR,,15
812,37,GO,15927.5,26
813,34,DF,3915.94,82
814,43,GO,2844.81,12
815,42,BA,4526.48,16
816,31,RJ,15775.39,20
817,47,PR,3870.85,34
818,48,RJ,5571.94,6
819,48,BA,1600.0,30
820,38,SP,5805.47,21
821,37,RJ,1982.14,16
822,26,SP,3941.86,29
823,47,SP,8865.73,25
824,21,BA,3660.53,7
825,35,SC,6225.33,49
826,35,SP,3713.43,42
827,48,PE,3493.9,50
828,39,BA,4889.91,27
829,28,RS,7619.2,19
830,23,RS,4430.32,13
831,31,MG,4154.37,43
832,40,MG,2481.92,14
833,40,MG,1664.02,26
834,37,BA,4502.64,11
835,31,CE,3796.99,33
836,37,RJ,4862.41,10
837,50,RJ,7415.55,23
838,27,GO,6574.28,23
839,39,SP,2589.57,38
840,57,GO,4823.29,38
841,45,SP ,4885.22,28
842,34,MG,3660.85,34
843,46,SP,1600.0,16
844,31,RS,2695.49,22
845,39,SC,3971.8,9
846,56,MG,6329.85,15
847,60,SP,3520.32,15
848,21,PE,1942.45,11
849,47,GO,8813.36,21
850,60,RJ,4086.13,12
851,33,SP,3244.6,42
852,42,SP,5579.31,35
853,56,SP,6087.75,38
854,34,GO,3985.0,7
855,44,MG,3018.37,19
856,38,PR,3043.09,10
857,21,SC,6431.84,37
858,43,SP,3850.29,25
859,37,RS,5456.01,56
860,49,GO,1600.0,23
861,62,RJ,3163.34,18
862,47,PE,3362.39,3
863,35,DF,3199.62,20
864,44,PR,1600.0,15
865,41,RJ,3241.08,15
866,50,SC,9815.35,9
867,23,PR,4890.97,25
868,26,RJ,3098.33,17
869,21,PE,2786.65,16
870,46,SC,1963.82,37
871,39,RS,4683.25,19
872,32,SP,2687.02,35
873,31,GO,3321.13,15
874,33,pr,6733.73,52
875,29,MG,6928.07,28
876,35,PR,5795.89,27
877,34,SC,1659.12,9
878,54,PE,3022.75,33
879,43,RJ,7873.81,14
880,30,MG,2149.52,10
881,33,SP,8206.85,44
882,52,SP,4057.83,22
883,44,PR,6929.24,38
884,42,RS,3274.45,20
885,47,SP,2167.42,39
886,56,SP,2354.82,30
887,26,SP,9154.96,66
888,31,RJ,3442.34,45
889,21,BA,2097.28,25
890,44,CE,6436.09,6
891,35,DF,1758.11,16
892,32,SC,3756.59,52
893,31,RJ,4948.58,24
894,47,MG,4825.36,84
895,37,PE,5180.32,30
896,33,MG,3908.1,11
897,53,SP,1600.0,6
898,27,MG,4695.49,3
899,25,RS,4003.9,1
900,68,MG,3677.42,31
901,35,BA,5369.7,14
902,33,SC,6254.92,34
903,31,RS,4611.41,13
904,37,SP,9356.15,24
905,48,RS,13706.57,19
906,47,SP,4799.37,17
907,45,MG,3385.61,14
908,36,RJ,2011.14,26
909,23,MG,5630.44,39
910,42,RS,1600.0,43
911,56,RJ,10359.69,12
912,51,DF,7019.24,18
913,37,SP,3069.67,17
914,48,SC,5961.61,33
915,35,SC,2538.44,14
916,38,RJ,2235.0,6
917,25,PE,6237.8,34
918,36,DF,2341.54,11
919,41,RJ,4691.15,10
920,37,PR,3817.64,30
921,47,PR,9682.0,31
922,60,SP,4869.12,19
923,54,PR,9768.79,41
924,36,GO,6596.68,10
925,31,sp,2683.81,21
926,32,MG,2155.17,19
927,28,RS,1600.0,21
928,39,SC,4169.46,32
929,44,PR,1600.0,65
930,41,RJ,2603.53,41
931,41,MG,1600.0,20
932,41,MG,,43
933,38,RS,6025.05,8
934,31,SP,2521.2,16
935,58,BA,3011.47,8
936,51,BA,3173.5,13
937,29,PR,4730.55,17
938,29,SP,1806.61,13
939,33,MG,4326.25,17
940,39,SP,3849.92,63
941,53,SP,2306.4,15
942,50,RJ,2371.01,29
943,51,MG,7917.92,23
944,51,BA,6058.36,40
945,51,CE,5147.06,14
946,47,GO,2568.24,12
947,44,MG,3361.06,36
948,38,DF,1985.25,40
949,21,GO,1600.0,13
950,38,PR,3131.26,17
951,59,SP,2916.12,73
952,33,SP,2040.4,9
953,32,SP,2070.05,9
954,50,RJ,4957.74,72
955,40,GO,3134.67,27
956,34,PE,1697.19,38
957,56,CE,12426.78,35
958,46,SP,1600.0,17
959,47,BA,4543.66,12
960,33,BA,2325.09,2
961,44,SP,5862.16,11
962,43,SP,4200.27,31
963,48,GO,7060.09,13
964,52,SP,3886.35,13
965,51,SP,2663.74,49
966,41,SP,8930.45,9
967,47,RJ,3911.61,17
968,26,SP,3597.41,27
969,46,RS,3712.09,54
970,47,BA,2704.76,16
971,35,CE ,4896.73,23
972,30,RJ,10154.06,32
973,38,GO,9181.0,36
974,26,GO,4753.72,23
975,43,SP,5753.46,8
976,42,SP,6087.82,34
977,29,MG,2843.94,19
978,40,GO,9158.43,49
979,51,SP,4629.91,7
980,51,DF,1600.0,14
981,50,PE,5661.4,17
982,37,PE,2440.21,28
983,35,RJ,4757.44,24
984,35,SP,5847.47,1
985,46,RJ,3397.03,2
986,65,DF,4689.15,10
987,54,RS,8467.56,41
988,56,DF,1887.7,44
989,54,RJ,1600.0,12
990,21,SP,3766.73,16
991,37,GO,3526.05,13
992,34,PR,12613.12,65
993,53,RJ,6952.6,24
994,58,PR,5372.68,21
995,32,SP,3803.15,26
996,39,PE,1600.0,1
997,45,PE,1938.15,14
998,34,PR,3352.77,16
999,32,SC,4438.96,45
1000,32,RJ,3169.09,14
1001,49,SP,4256.03,7
1002,29,MG,5880.3,6
1003,51,SP,2706.64,10
1004,40,SC ,3164.7,2
1005,47,SP,2345.77,18
1006,56,SP,7765.32,42
1007,32,DF,1600.0,69
1008,30,RS,5548.28,10
1009,44,RS,6085.33,42
1010,28,MG,1600.0,10
1011,31,PE,3054.68,40
1012,38,RJ,7219.7,41
1013,41,MG,2421.49,13
1014,25,CE,2894.49,38
1015,35,MG,3882.87,19
1016,45,SP,8191.49,23
1017,54,SP,5583.21,26
1018,21,SP,2724.43,10
1019,53,PR,1861.65,8
1020,49,SP,1729.79,4
1021,27,PR,4763.32,28
1022,23,SP,1600.0,3
1023,44,SP,2877.55,28
1024,34,RJ,5478.67,22
1025,40,DF,2040.35,19
1026,48,SP,3306.46,25
1027,35,SC,3712.86,46
1028,41,RJ,5971.65,66
1029,44,SC,1878.53,31
1030,49,PE,4097.0,13
1031,58,SP,3823.43,49
1032,58,RS,4173.43,8
1033,42,RJ,1657.4,14
1034,36,pr,5209.05,46
1035,65,SP,2479.88,32
1036,46,SP,3702.16,19
1037,44,RJ,2472.23,24
1038,27,MG,11459.04,13
1039,48,SP,4069.23,21
1040,30,DF,12801.17,29
1041,34,RJ,2798.65,26
1042,24,PR,3389.4,26
1043,33,RS,8887.01,15
1044,40,BA,3228.46,16
1045,23,SP,5040.6,33
1046,29,SC,7455.67,30
1047,38,SP,3226.24,12
1048,25,SP,2728.56,14
1049,25,RJ,3453.11,19
1050,30,GO,6908.75,21
1051,24,GO,5011.85,26
1052,46,SP,8049.74,8
1053,28,SP,3426.52,23
1054,47,BA,3047.89,33
1055,49,MG,2130.86,17
1056,26,PR,3361.47,36
1057,39,SP,2863.41,17
1058,34,PE,3709.86,14
1059,27,SP,2362.4,16
1060,35,SP,2674.57,16
1061,36,RJ,3339.35,38
1062,47,SP,6741.72,22
1063,50,RJ,3299.11,16
1064,27,RJ,,26
1065,35,SP,6965.17,36
1066,45,PE,8304.04,14
1067,52,CE,3364.59,28
1068,21,SP,3442.33,8
1069,53,SP,1600.0,4
1070,37,PR,1685.01,14
1071,56,RJ,3862.73,29
1072,34,RJ,8496.45,14
1073,30,SP,10921.67,13
1074,39,RS,6237.11,47
1075,52,SC,3040.8,3
1076,39,SP,5263.25,26
1077,21,RJ,1772.96,41
1078,47,MG,3798.78,18
1079,21,SC,2075.17,21
1080,28,RJ,3982.32,10
1081,26,PR,8740.31,17
1082,21,SP,13143.07,37
1083,25,RS,4472.63,22
1084,28,SP,4942.15,7
1085,32,RJ,1600.81,52
1086,38,PR,2777.77,34
1087,35,SP,9169.38,17
1088,23,SP,7532.05,20
1089,37,DF,6288.64,32
1090,50,RJ,5091.21,38
1091,49,SP,9830.09,25
1092,40,SP,3457.2,7
1093,46,CE,3583.87,15
1094,49,mg,18635.73,14
1095,54,PR,2484.28,27
1096,58,RJ,5095.79,35
1097,35,MG,3239.46,15
1098,36,SP,9075.79,11
1099,55,SC,3444.29,17
1100,56,CE,3295.38,17
1101,56,SP,3356.76,23
1102,21,GO,6208.98,34
1103,37,SP,,28
1104,21,CE,1762.72,22
1105,47,MG,3728.37,30
1106,40,BA,3275.07,8
1107,40,SP,5356.67,26
1108,37,PE,3292.89,9
1109,53,RS,2854.59,58
1110,36,CE,4664.69,32
1111,50,RS,5044.58,28
1112,45,SP,6981.91,16
1113,43,SP,4130.02,23
1114,44,SP,1600.0,6
1115,40,RS,3884.3,20
1116,27,SP,4003.07,30
1117,47,SP,3774.19,12
1118,47,PR,5343.26,22
1119,37,SP,3411.88,31
1120,47,MG,7363.37,36
1121,49,SP,3396.11,11
1122,25,CE,8616.64,4
1123,37,SP,2164.01,14
1124,34,PR,1600.0,11
1125,29,PR,2346.74,38
1126,43,BA,19125.37,71
1127,30,SP,3461.74,23
1128,34,SP,3754.75,16
1129,42,RJ,4636.43,17
1130,43,DF,3160.6,16
1131,43,RS,4624.47,18
1132,64,SP,4279.91,11
1133,33,RJ,12488.44,13
1134,42,CE,7765.16,22
1135,26,RJ,4662.51,14
1136,44,SP,5902.17,5
1137,52,RJ,5613.71,23
1138,52,GO,2219.03,8
1139,32,SP,7459.43,8
1140,36,MG,2843.46,28
1141,53,SP,6236.44,7
1142,38,RS,4361.98,34
1143,50,PR,6655.24,6
1144,28,SP,8846.28,9
1145,54,RJ,5586.74,7
1146,50,MG,3100.72,57
1147,44,PR,3401.71,53
1148,30,SP,5526.16,44
1149,37,CE ,3216.9,28
1150,41,PE,3276.81,8
1151,42,SP,3790.17,69
1152,38,SP,3322.96,12
1153,37,GO,5404.72,14
1154,41,SP,3158.2,17
1155,54,GO,4263.88,30
1156,21,BA,2707.19,20
1157,24,MG,1600.0,44
1158,22,DF,6283.42,36
1159,31,RJ,6940.89,14
1160,21,DF,3077.21,28
1161,45,RS,6313.81,47
1162,40,GO,4811.08,21
1163,36,SP,2139.8,23
1164,32,SP,7780.25,12
1165,41,PR,1600.0,24
1166,41,MG,3939.04,34
1167,43,BA,6037.12,14
1168,31,SC,2211.35,28
1169,46,GO,9831.16,16
1170,23,SC,2940.73,19
1171,53,GO,8110.72,36
1172,21,GO,3668.66,19
1173,32,RJ,5948.64,9
1174,26,CE,3963.75,36
1175,48,SP,15094.67,36
1176,23,MG,5128.32,36
1177,59,CE,7212.75,35
1178,22,DF,6110.84,7
1179,61,MG,4571.91,11
1180,44,SP,3578.18,28
1181,39,SP,5159.87,15
1182,44,RJ,7134.07,5
1183,63,RS,6814.01,19
1184,49,RS,5590.56,33
1185,21,SP,3853.7,16
1186,52,pr,6131.65,18
1187,42,PE,2409.1,5
1188,21,SP,4115.66,30
1189,47,GO,1600.0,39
1190,26,MG,2862.58,26
1191,41,SP,3828.85,34
1192,42,SC,1919.92,15
1193,32,SP,2224.14,15
1194,46,PR,7021.06,38
1195,28,BA,5531.7,18
1196,41,GO,7659.55,27
1197,33,SP,8011.69,46
1198,37,SP,6002.32,5
1199,60,MG,6545.09,16
1200,40,PR,4971.28,19
1201,27,RJ,8567.94,4
1202,38,SC,1826.06,7
1203,31,CE,3850.01,26
1204,39,PE,7490.41,9
1205,41,SP,6743.34,9
1206,40,BA,4403.56,84
1207,40,SP,3541.23,18
1208,33,SC,6738.26,29
1209,44,CE,3870.41,12
1210,51,PR,2289.86,30
1211,32,PE,8058.99,10
1212,38,RJ,3447.04,7
1213,40,SP,4700.11,12
1214,53,SP,1739.37,29
1215,51,SP,1600.0,40
1216,31,RJ,5441.91,14
1217,40,SP,10582.96,11
1218,23,PE,1600.0,12
1219,28,SP,3197.45,24
1220,39,MG,5776.67,9
1221,46,MG,4712.78,35
1222,49,GO,4391.84,33
1223,36,MG,,17
1224,24,MG,2496.24,30
1225,43,GO,7767.35,19
1226,37,BA,7206.38,6
1227,44,RS,5189.79,32
1228,41,PR,1600.0,18
1229,47,GO,10692.51,28
1230,46,PR,4117.6,13
1231,48,SP,5669.86,15
1232,34,SP,12238.08,6
1233,50,PR,8725.41,29
1234,33,BA,4039.56,20
1235,40,RJ,7661.06,27
1236,59,GO,5904.21,18
1237,43,DF,3082.52,23
1238,26,SP,4573.8,26
1239,55,PE,1606.25,45
1240,50,MG,1788.15,25
1241,52,MG,4730.48,63
1242,41,PR,9266.42,21
1243,43,MG,2478.11,37
1244,36,GO,8244.8,20
1245,31,RJ,4626.0,5
1246,56,RJ,11460.87,21
1247,35,RJ,3500.13,10
1248,34,MG,21763.69,20
1249,34,PE,5468.62,12
1250,59,RJ,3744.58,28
1251,49,SP,4905.53,21
1252,35,BA,1600.0,6
1253,38,MG,5167.76,9
1254,45,RJ,3580.23,29
1255,49,GO,5628.34,15
1256,21,CE,3566.25,19
1257,49,RS,1600.0,27
1258,37,RJ,1600.0,8
1259,31,PR,2961.52,28
1260,35,DF ,2111.23,24
1261,48,SP,6891.02,20
1262,58,PR,2336.79,17
1263,41,GO,5414.69,30
1264,45,MG,3863.33,28
1265,30,RS,9933.63,40
1266,44,PE,4446.05,10
1267,48,MG,4719.22,22
1268,23,SC,2413.07,58
1269,33,SP,5190.68,38
1270,48,GO,6110.09,38
1271,21,MG,3955.16,25
1272,35,SP,6243.43,21
1273,46,BA,2373.47,23
1274,21,RJ,3733.33,8
1275,35,SP,5276.09,23
1276,40,SP,3545.09,15
1277,49,RJ,8300.07,48
1278,25,RJ,6008.55,43
1279,51,SP,2997.68,29
1280,42,MG,2521.22,9
1281,52,MG,4191.69,4
1282,52,SP,2822.62,12
1283,43,MG,3383.38,35
1284,44,SP,2266.55,40
1285,21,MG,6462.84,35
1286,24,SC,4633.85,23
1287,28,RS,4976.29,44
1288,35,SP,,26
1289,49,SC,1600.0,56
1290,21,SP,4303.05,45
1291,35,SP,3684.43,24
1292,24,DF,6138.68,39
1293,22,GO,5572.86,29
1294,55,SP,5627.53,41
1295,40,PR,8629.48,51
1296,57,RJ,1600.0,6
1297,52,RJ,2342.41,11
1298,29,MG,8238.02,34
1299,21,CE,9351.12,15
1300,62,SP,2690.25,5
1301,35,SP,7827.24,25
1302,26,SP,6825.27,44
1303,47,SP,1982.07,48
1304,41,MG,3019.61,48
1305,32,RJ,5076.36,78
1306,35,RJ,4056.69,30
1307,41,CE,11396.12,18
1308,40,RJ,5888.99,28
1309,47,MG,6924.13,29
1310,35,RJ,2935.49,22
1311,35,RJ,2143.41,72
1312,46,SP,,9
1313,42,RS,9173.64,23
1314,51,PE,11697.85,8
1315,36,RJ,2696.03,9
1316,38,SC,3904.0,14
1317,26,CE,1600.0,23
1318,55,MG,8573.24,13
1319,24,CE,2103.63,12
1320,41,SP,6896.19,19
1321,29,GO,8558.19,18
1322,43,CE,2021.33,17
1323,47,SP,2603.05,6
1324,21,SP,6258.8,12
1325,37,RJ,8948.08,84
1326,21,RJ,3151.04,14
1327,54,MG,2364.41,14
1328,34,SC,5091.22,44
1329,22,CE,8461.28,31
1330,31,PR,2285.91,6
1331,53,PR,2722.78,19
1332,55,SP,7984.03,23
1333,53,CE,4696.55,17
1334,30,PE,2668.74,13
1335,37,SP,4209.29,8
1336,57,SC,5472.93,28
1337,31,PR,7399.11,30
1338,35,BA,4944.14,10
1339,29,SP,4169.7,8
1340,26,SP,1663.23,15
1341,52,RJ,5653.81,40
1342,46,CE,5568.86,14
1343,44,RS,4700.93,23
1344,45,RS,4243.04,16
1345,50,GO,4491.26,49
1346,56,SP,7105.67,24
1347,39,SP,3418.98,24
1348,35,RJ,2155.9,8
1349,28,SP,6895.26,5
1350,51,SP,3405.5,20
1351,33,CE,3589.26,6
1352,23,RJ,5317.14,21
1353,36,MG,3646.23,18
1354,39,RS,4033.63,54
1355,48,RJ,2262.21,22
1356,50,MG,8602.37,66
1357,31,BA,2002.12,15
1358,30,BA,8660.32,23
1359,35,PR,2084.16,19
1360,26,SP,2828.11,4
1361,38,SC,3316.93,23
1362,44,PR,6784.54,20
1363,39,MG,4671.17,28
1364,21,BA,3243.34,19
1365,26,GO,2103.13,25
1366,53,RS,7248.99,14
1367,28,MG,4258.63,41
1368,47,MG,5266.34,28
1369,46,BA,3768.97,29
1370,35,GO,3166.58,13
1371,28,MG,6026.12,26
1372,41,RJ,4919.53,84
1373,29,PR,7841.6,19
1374,37,SP,4659.61,29
1375,40,rs,1920.37,10
1376,31,SC,6383.24,17
1377,37,RJ,4305.78,15
1378,36,DF,3683.3,34
1379,25,GO,1600.0,19
1380,37,RJ,2600.75,9
1381,32,PR,4587.17,13
1382,21,SP,2960.72,10
1383,35,SP,4813.93,59
1384,36,RS,5818.22,14
1385,32,RJ,4148.47,60
1386,21,CE,2497.17,9
1387,48,PR,5307.26,23
1388,47,MG,5113.84,16
1389,46,PE,3653.37,68
1390,43,MG,1600.0,55
1391,25,SP,2115.21,22
1392,40,PR,6491.81,11
1393,29,SP,3621.89,5
1394,63,RS,1600.0,18
1395,33,SP,3775.01,59
1396,46,RJ,4277.91,10
1397,22,CE,5930.76,47
1398,26,MG,5294.97,6
1399,33,GO,5131.28,20
1400,47,SP,2725.56,9
1401,45,MG,1653.94,15
1402,42,SC,2962.22,45
1403,21,MG,8847.79,17
1404,51,GO,1805.75,41
1405,29,SP,6800.07,4
1406,57,RJ,1816.7,44
1407,60,MG,2024.68,31
1408,48,DF,4391.16,21
1409,50,PE,2641.5,36
1410,25,BA,3620.33,8
1411,67,GO,2191.69,21
1412,41,RJ,4446.49,9
1413,50,PE,6616.49,18
1414,30,SP,1845.82,9
1415,38,DF,5577.5,15
1416,26,SP,5078.85,24
1417,36,MG,6364.79,31
1418,39,RJ,1600.0,23
1419,42,SP,6760.83,7
1420,54,GO,2181.38,4
1421,44,BA,3587.36,13
1422,42,SP,3223.74,19
1423,39,RS,2349.21,6
1424,61,PE,2555.62,20
1425,33,GO,2752.75,12
1426,52,RJ,4514.63,37
1427,21,SP,6132.91,17
1428,29,SP,3486.9,27
1429,44,SP,6322.13,12
1430,37,PR,4458.25,18
1431,70,RS,7714.7,8
1432,67,SP,1978.86,30
1433,22,SC,4442.39,17
1434,27,RS,4003.85,55
1435,37,GO,4416.62,28
1436,58,RJ,,7
1437,52,RJ,6386.63,6
1438,43,PR,4437.04,21
1439,23,SP,5449.7,49
1440,30,RS,,18
1441,21,SP,3778.39,12
1442,22,RS,2900.2,20
1443,44,MG,7389.18,50
1444,48,SP,6298.25,15
1445,25,MG,8275.93,25
1446,40,PR,3169.64,30
1447,57,SP,3715.07,51
1448,41,RJ,15883.72,51
1449,36,RJ,7389.58,22
1450,46,RJ,1848.4,58
1451,45,BA,6130.53,39
1452,40,SP,4950.35,54
1453,33,SP,3396.98,12
1454,34,SP,3515.12,17
1455,40,sp,2568.8,22
1456,33,RS,3066.87,15
1457,54,SP,2680.98,23
1458,49,PE,2157.75,31
1459,51,SP,3314.86,3
1460,61,SP,2520.64,9
1461,56,RJ,6055.97,6
1462,55,CE,7217.34,23
1463,43,SP,3759.41,25
1464,37,SP,3397.33,2
1465,64,CE,5802.03,19
1466,32,PE,3831.79,24
1467,32,SC,12361.39,26
1468,29,MG,1600.0,9
1469,41,PR,1600.0,18
1470,44,GO,2235.48,9
1471,50,MG,5315.23,51
1472,37,SP,6277.48,33
1473,21,mg,3159.3,33
1474,43,MG,4135.49,6
1475,50,MG,3495.76,7
1476,39,SP,5365.71,53
1477,38,SP,12458.93,6
1478,45,DF,1600.0,61
1479,55,SP,13928.48,16
1480,38,SP,7346.35,28
1481,23,MG,3470.33,35
1482,33,SP,5401.97,52
1483,37,PE,4063.7,9
1484,21,RJ,5358.46,43
1485,48,SC,5355.34,28
1486,31,DF,6326.08,12
1487,45,RS,2376.66,12
1488,41,DF,5775.26,8
1489,36,BA,2875.34,12
1490,57,MG,3506.58,49
1491,33,SP,6394.6,28
1492,32,PR,3241.07,28
1493,42,GO,4882.47,43
1494,48,DF,4943.83,62
1495,39,SC,4378.16,29
1496,28,SP,2116.89,26
1497,47,PR,5416.81,84
1498,46,MG,4584.3,45
1499,62,MG,14148.83,15
1500,37,RJ,2341.12,12
1501,41,RJ,7424.49,16
1502,33,SP,3295.53,84
1503,23,DF,3521.92,19
1504,40,GO,10670.0,16
1505,48,GO,3867.96,20
1506,28,RS,6473.87,36
1507,32,MG,4474.17,17
1508,26,SP,2536.75,20
1509,54,PR,3699.56,21
1510,32,SP,3280.4,49
1511,45,SP,3690.26,8
1512,29,BA,11655.11,29
1513,40,PR,5403.43,21
1514,32,RJ,1609.55,45
1515,21,DF,11766.01,16
1516,40,SC ,5145.47,33
1517,45,SP,6851.51,26
1518,21,SC,9894.97,38
1519,37,SP,2661.86,43
1520,34,SP,5029.56,13
1521,27,RJ,3870.39,25
1522,36,RJ,3457.28,4
1523,21,PR,3547.4,35
1524,42,SP,4439.63,29
1525,52,SC,7978.33,27
1526,25,MG,6438.84,23
1527,38,PR,4924.1,25
1528,55,SP,8144.49,28
1529,40,SP,1600.0,14
1530,33,SP,4291.44,13
1531,29,SP,5117.97,53
1532,41,PR,5003.82,17
1533,38,RJ,9185.09,17
1534,46,MG,4632.95,15
1535,22,SP,8973.77,35
1536,51,SP,3827.84,13
1537,35,GO,6174.57,20
1538,46,SP,4479.7,12
1539,31,GO,3682.62,11
1540,25,SP,5621.13,40
1541,33,SP,5795.42,11
1542,29,CE,2583.62,8
1543,35,PR,7120.8,12
1544,46,DF,3662.16,5
1545,51,SC,4466.76,66
1546,41,CE,1600.0,20
1547,33,SP,4170.46,14
1548,34,DF,1600.0,41
1549,46,PR,6800.81,15
1550,51,SP,2753.81,4
1551,35,SP,3317.55,30
1552,38,DF,3837.87,15
1553,31,GO,2033.76,11
1554,41,CE,4292.75,8
1555,50,BA,2154.46,22
1556,21,SP,3765.1,32
1557,42,PR,6777.27,8
1558,33,SP,8560.96,32
1559,21,SC,9302.55,41
1560,42,RS,3731.05,2
1561,38,RJ,2494.65,14
1562,43,SC,5523.07,21
1563,24,SP,9978.35,16
1564,63,sp,2608.73,28
1565,40,RS,8913.94,20
1566,35,PE,3918.01,13
1567,56,SP,1600.0,23
1568,46,MG,4385.65,22
1569,48,DF,11880.6,16
1570,52,PR,6276.35,15
1571,21,SP,7600.74,15
1572,57,PE,5266.55,62
1573,35,MG,1672.0,9
1574,42,GO,1600.0,44
1575,49,PE,2350.97,4
1576,31,PE,3415.28,3
1577,42,CE,2422.18,24
1578,47,SP,2704.58,36
1579,39,GO,6481.61,11
1580,44,MG,9435.69,14
1581,21,MG,1659.83,15
1582,26,SC,2343.39,15
1583,26,SP,3991.67,29
1584,43,MG,3769.64,28
1585,70,SP,1600.0,29
1586,42,SP,21304.43,35
1587,37,RS,6218.72,23
1588,38,PR,5139.43,16
1589,50,MG,1600.0,31
1590,47,SP,4961.67,24
1591,26,SC,2204.02,32
1592,50,PE,5583.17,15
1593,39,SP,4957.71,22
1594,48,RJ,4312.7,12
1595,21,MG,5344.59,16
1596,22,SP,3055.24,24
1597,46,RJ,4641.68,12
1598,21,CE,1600.0,18
1599,43,CE,6304.56,7
1600,43,CE,3802.87,9
1601,41,PR,17069.32,15
1602,43,CE,4464.93,33
1603,42,RJ,1600.0,48
1604,44,PE,9816.33,11
1605,35,RJ,2808.31,37
1606,39,MG,2256.22,35
1607,70,RJ,4106.49,16
1608,52,RS,8561.66,20
1609,46,SC,12331.96,25
1610,43,PR,3397.62,28
1611,31,SP,4745.79,16
1612,41,DF,4769.78,8
1613,36,PE,2933.56,18
1614,49,RS,3180.69,18
1615,29,PE,3887.2,21
1616,21,PR,4068.58,6
1617,33,SP,7572.29,37
1618,47,MG,,18
1619,66,SP,5471.22,20
1620,50,mg,5171.32,30
1621,28,RS,8984.54,4
1622,37,PE,3395.18,38
1623,29,RJ,3416.93,47
1624,37,GO,4449.22,53
1625,29,PR,3071.4,15
1626,21,SP,3019.83,68
1627,44,SP,2900.44,34
1628,41,SP,2904.69,31
1629,37,RJ,2376.75,37
1630,43,SP,2993.89,10
1631,61,RJ,2717.56,32
1632,40,PE,2786.22,21
1633,35,RJ,1995.1,38
1634,49,SP,7057.29,7
1635,21,SC,4955.47,3
1636,47,MG,4057.58,20
1637,30,MG,2293.78,41
1638,30,BA,5941.5,28
1639,40,CE,3650.1,4
1640,57,SC,3931.25,25
1641,31,CE,4383.38,32
1642,49,GO,3913.73,14
1643,43,RJ,7176.45,23
1644,24,GO,2691.47,21
1645,49,PR,2897.32,16
1646,30,SP,4525.57,27
1647,23,RS,3727.64,36
1648,30,PE,5643.26,3
1649,31,MG,6919.73,20
1650,46,RS,8922.96,29
1651,31,SP,7073.6,47
1652,55,PE,3579.61,51
1653,41,SC,3815.67,4
1654,31,BA,3403.84,40
1655,30,SP,7891.2,28
1656,42,SP,3687.29,11
1657,21,SP,2615.05,44
1658,21,BA,2357.98,14
1659,29,RJ,6321.51,56
1660,46,SP,2588.38,13
1661,41,SP,1600.0,40
1662,39,MG,6191.9,8
1663,37,SP,5036.31,16
1664,21,SC,6390.86,43
1665,35,PR,7225.59,26
1666,21,SP,5560.62,24
1667,48,BA,5206.52,22
1668,39,BA,4324.83,20
1669,38,SP,2726.67,21
1670,43,MG,1600.0,57
1671,43,SP,1600.0,14
1672,42,SP,5165.86,45
1673,43,SP,6538.15,19
1674,33,RJ,4283.51,54
1675,24,PE,2763.04,22
1676,43,RJ,5979.01,9
1677,55,DF,4149.95,24
1678,50,SP,4233.89,12
1679,37,DF,3450.65,40
1680,46,PR,2212.14,16
1681,34,SP,2420.67,13
1682,43,RS,5205.86,76
1683,32,RS,10298.87,11
1684,41,CE,11106.3,26
1685,61,RJ,3815.52,27
1686,47,SP,5406.03,14
1687,55,SP,4022.69,2
1688,30,SC,4591.77,33
1689,31,SP,5304.79,27
1690,39,RS,6952.0,3
1691,45,SP,,22
1692,37,PR ,11186.21,11
1693,50,RJ,3946.23,5
1694,33,SP,2468.65,25
1695,54,SC,15094.9,34
1696,50,MG,2592.74,27
1697,27,PE,4147.7,16
1698,45,SP,2828.86,22
1699,37,PE,8107.32,18
1700,50,SP,1600.0,2
1701,33,SP,5096.01,26
1702,42,BA,1766.04,17
1703,45,MG,9964.54,26
1704,21,GO,13425.32,56
1705,21,PE,6799.46,11
1706,40,RJ,2757.5,13
1707,38,SP,8037.65,52
1708,50,BA,14163.58,6
1709,41,RJ,4868.51,12
1710,25,SP,3449.32,35
1711,43,SP,9500.97,56
1712,31,RJ,2036.49,23
1713,36,SP,3606.45,44
1714,33,SP,4111.73,17
1715,43,PE,4531.53,42
1716,23,PE,7778.71,26
1717,27,DF,3899.93,32
1718,21,PE,2302.77,9
1719,63,RJ,1954.16,25
1720,28,SP,3903.18,20
1721,29,BA,5462.93,31
1722,26,BA,7187.72,46
1723,32,SP,5947.12,28
1724,34,SP,1979.44,15
1725,46,GO,5783.51,32
1726,41,SC,2935.66,16
1727,43,SP,8652.66,36
1728,32,PR,3576.5,5
1729,38,MG,3622.37,25
1730,52,SP,3112.44,41
1731,39,SP,7259.04,22
1732,42,GO,3982.33,30
1733,21,RJ,19228.34,9
1734,45,SP,8048.27,41
1735,42,PE,2224.73,14
1736,53,SP,4153.98,8
1737,21,RJ,7530.02,19
1738,39,PR,6561.98,17
1739,38,BA,5937.75,18
1740,40,SP,4862.07,57
1741,32,MG,1817.91,28
1742,41,SP,1859.3,21
1743,47,RJ,6626.49,16
1744,39,SP,3000.92,7
1745,36,MG,4294.33,16
1746,36,SP,6036.36,50
1747,35,SC,1600.0,26
1748,39,PR,1600.0,34
1749,31,RJ,5697.05,10
1750,21,SP,,23
1751,54,RS,3503.17,26
1752,21,GO,7934.52,68
1753,37,DF,3660.41,27
1754,24,DF,4103.67,18
1755,36,SP,4969.67,7
1756,28,RJ,1635.04,71
1757,38,BA,11005.21,12
1758,29,RJ,5295.62,16
1759,24,PE,3133.07,33
1760,42,MG,7907.14,72
1761,53,CE,2534.89,40
1762,42,RJ,2891.92,30
1763,40,SP,2145.12,13
1764,27,CE,3718.59,46
1765,38,RS,2800.01,45
1766,44,PE,4874.78,14
1767,31,SP,2918.47,42
1768,48,PR,4864.95,6
1769,38,GO,5361.5,32
1770,42,SP,5226.74,10
1771,33,SP,5180.39,8
1772,33,RJ,4407.74,5
1773,41,SP,2674.76,26
1774,43,MG,1600.0,20
1775,42,RS,5107.98,5
1776,27,BA,1944.05,25
1777,30,PE,5073.26,17
1778,38,RJ,4090.11,25
1779,21,SP,4093.51,32
1780,50,SP,4218.56,4
1781,42,DF,5762.52,24
1782,39,RJ,2460.38,7
1783,31,GO,5001.12,19
1784,47,RJ,7609.01,22
1785,35,CE,6483.72,66
1786,59,MG,7713.3,13
1787,43,RJ,3607.22,19
1788,22,SP,4016.29,24
1789,46,SP,11769.7,17
1790,33,DF,5545.11,30
1791,33,MG,4846.45,45
1792,36,CE,7282.64,8
1793,37,SC,2602.47,7
1794,41,MG,3906.35,11
1795,47,RJ,5355.99,53
1796,43,SP,4066.11,9
1797,30,RJ,9641.65,14
1798,24,MG,5345.79,16
1799,30,PE,6832.1,38
1800,42,GO,2671.39,13
1801,48,SP,4179.36,64
1802,58,RJ,4144.78,9
1803,24,SP,5594.37,9
1804,39,SC,5497.24,25
1805,36,PR,4210.78,6
1806,34,RS,5786.08,14
1807,40,SP,13286.63,41
1808,36,RS,4280.89,2
1809,35,SP,2943.02,72
1810,31,PE,8169.2,53
1811,43,SP,9519.66,18
1812,50,PR,4668.83,56
1813,56,SP,7157.86,56
1814,33,DF,,13
1815,27,GO,5471.47,36
1816,35,RS,3818.67,52
1817,29,MG,14149.48,7
1818,50,SP,4795.38,14
1819,29,MG,11583.63,19
1820,39,PE,3824.83,5
1821,24,DF,3638.25,9
1822,35,MG,3158.87,11
1823,40,BA,2227.17,8
1824,55,RS,3101.68,21
1825,31,PR,7753.23,39
1826,42,SP,1831.24,3
1827,21,RJ,4460.78,32
1828,25,RJ,7798.07,9
1829,29,RS,4877.84,23
1830,33,SP,5638.11,25
1831,43,SP,5122.42,50
1832,45,DF,5641.21,65
1833,21,SP,1600.0,39
1834,44,SC,9656.78,42
1835,26,SP,5170.31,5
1836,59,CE,3139.33,28
1837,42,RJ,3614.37,12
1838,40,GO,3941.95,21
1839,36,PR,6170.99,22
1840,38,SP,2233.62,40
1841,38,SP,2140.45,23
1842,31,SC,2079.74,23
1843,47,CE,6964.7,51
1844,41,PR,2589.42,24
1845,47,SP,4562.88,8
1846,38,BA,2281.27,22
1847,46,PR,4115.91,82
1848,30,MG,3252.87,12
1849,70,SP,2857.61,8
1850,30,SC,7905.12,38
1851,33,BA,4514.63,13
1852,49,GO,2533.45,13
1853,52,SP,15845.11,32
1854,30,PR,2557.78,11
1855,21,BA,2253.2,5
1856,23,SP,1708.59,17
1857,27,GO,10340.56,24
1858,30,RS,4791.19,9
1859,36,SP,5146.0,8
1860,50,PR,7824.49,62
1861,50,MG,4593.17,11
1862,32,RS,6370.32,52
1863,44,BA,10749.31,3
1864,48,MG,4937.05,23
1865,54,SP,6691.34,9
1866,37,SP,4826.1,2
1867,30,SP,4663.55,7
1868,47,SP,9409.54,84
1869,55,DF,5939.79,26
1870,33,MG,5024.25,26
1871,60,DF,1600.0,55
1872,57,GO,2649.75,11
1873,35,PR,2964.05,19
1874,21,DF,4276.15,22
1875,32,RS,5304.41,14
1876,34,RJ,4710.37,13
1877,44,RS,3957.58,7
1878,21,PE,5216.37,51
1879,65,SP,5249.24,22
1880,64,SP,7051.23,50
1881,30,SP,1637.85,34
1882,21,GO,7542.45,9
1883,36,GO,12578.08,9
1884,43,SP,8055.77,10
1885,53,PE,3417.16,71
1886,46,SP,2641.0,38
1887,36,SP,4176.7,64
1888,21,RS,9009.86,15
1889,44,PE,5017.89,23
1890,48,SP,1600.0,18
1891,35,GO,1600.0,8
1892,41,SP,4813.68,14
1893,40,SP,15802.3,10
1894,36,sp,1797.78,20
1895,26,RJ,3028.37,12
1896,42,SP,4321.9,34
1897,23,DF,5052.12,9
1898,54,BA,6874.45,18
1899,28,PE,1776.51,20
1900,44,SP,4500.42,13
1901,30,SP,2955.24,18
1902,42,BA,6668.33,20
1903,36,PE,5219.27,30
1904,44,RS,7772.91,26
1905,29,RS,2156.16,21
1906,21,SP,2287.82,15
1907,35,DF,2845.59,2
1908,34,RJ,3243.34,9
1909,22,RS,2834.74,27
1910,31,DF,2105.29,7
1911,21,RJ,3041.48,25
1912,39,CE,1714.39,39
1913,34,MG,7187.41,12
1914,38,SC,3191.43,5
1915,67,MG,2077.86,33
1916,40,SP,4580.95,50
1917,42,PR,1720.57,57
1918,45,PR,5082.39,3
1919,37,PR,3427.7,25
1920,32,PE,10737.87,19
1921,48,RS,5582.77,54
1922,49,DF,2708.01,70
1923,21,RS,6774.65,29
1924,36,SC,4445.59,40
1925,34,SP,5974.13,6
1926,32,SP,1600.0,13
1927,52,RJ,3233.42,19
1928,32,PR,,18
1929,48,DF,8393.21,69
1930,32,SP,2290.78,9
1931,34,RJ,5017.07,23
1932,46,SP,3765.2,26
1933,30,RS,1936.64,23
1934,36,GO,3032.15,9
1935,26,BA,5575.53,25
1936,28,BA,3702.33,28
1937,46,RJ,3757.03,12
1938,45,GO,3960.61,24
1939,26,BA,4333.26,29
1940,25,SP,4903.34,21
1941,66,MG,3949.87,11
1942,31,GO,1838.12,39
1943,29,RJ,3664.94,29
1944,44,ba,4322.0,12
1945,30,RS,10126.62,21
1946,34,DF,2371.8,16
1947,48,SP,9702.76,31
1948,49,SP,3056.3,38
1949,36,SP,9854.74,11
1950,53,SP,1600.0,64
1951,37,PE,3514.29,17
1952,35,PE,1600.0,9
1953,38,SC,1846.95,42
1954,35,PR,3211.58,9
1955,44,DF,5320.86,38
1956,41,RJ,2666.0,21
1957,30,DF,4665.45,29
1958,40,GO,2596.05,27
1959,32,GO,9861.54,30
1960,32,SC,2963.71,30
1961,37,SP,11983.76,14
1962,49,PR,10964.34,9
1963,41,BA,2477.48,29
1964,52,RJ,5445.3,4
1965,55,RS,3161.61,24
1966,38,RS,9120.3,78
1967,31,SC,4876.61,50
1968,29,PE,11101.36,8
1969,41,RJ,3690.61,10
1970,48,CE,3468.36,15
1971,56,BA,2660.14,14
1972,24,SP,4385.83,44
1973,48,SP,5127.34,30
1974,50,RJ,,20
1975,65,SP,4812.4,5
1976,40,RJ,6178.52,6
1977,38,RS,3915.2,14
1978,21,CE,2869.21,8
1979,30,MG,2353.47,9
1980,26,DF,2999.67,24
1981,27,BA,3397.38,32
1982,28,SP,7144.73,45
1983,21,MG,6764.73,16
1984,37,PR ,2749.19,30
1985,42,DF,5685.31,24
1986,47,SP,2495.33,16
1987,37,BA,6474.29,14
1988,50,MG,1689.04,32
1989,50,DF,7030.75,11
1990,22,MG,3722.34,27
1991,35,SP,4697.57,40
1992,25,RJ,3877.08,27
1993,27,SP,2310.03,28
1994,40,PE,4409.67,10
1995,37,MG,4141.73,16
1996,54,PR,6241.95,17
1997,61,SP,5806.33,17
1998,43,BA,8110.89,14
1999,36,RJ,5597.91,42
2000,37,SP,2207.29,6
2001,38,DF,6333.79,34
2002,45,DF,2136.07,41
2003,30,RS,2789.35,38
2004,45,RJ,4290.05,32
2005,36,GO,2617.28,30
2006,50,RS,3334.0,42
2007,53,SP,7201.13,37
2008,57,BA,2961.25,39
2009,37,MG,2528.99,8
2010,24,SP,2039.2,27
2011,21,PR,19581.19,19
2012,35,SP,3239.97,14
2013,23,PR,4226.53,15
2014,21,RJ,4257.98,56
2015,35,RJ,7652.36,10
2016,28,MG,3036.09,9
2017,46,SP,2533.93,16
2018,60,GO,3367.4,57
2019,36,RJ,2705.87,22
2020,42,PR,1892.51,34
2021,21,SP,1600.0,30
2022,40,RJ,4250.72,18
2023,31,SP,3293.55,6
2024,26,RS,8923.77,21
2025,21,RJ,3126.17,18
2026,56,SP,3413.5,45
2027,21,GO,8087.2,30
2028,25,RJ,1647.49,25
2029,39,SP,6390.52,2
2030,42,SP,2639.5,37
2031,42,PE,2225.96,32
2032,40,SP,5101.49,6
2033,29,PE,4442.19,14
2034,47,GO,2228.17,10
2035,41,SP,4757.97,54
2036,23,RJ,9728.16,9
2037,56,SP,6515.58,13
2038,35,SC,4437.76,12
2039,49,SP,3066.62,13
2040,23,SP,3964.44,41
2041,25,SP,5401.9,17
2042,32,SC,3679.45,20
2043,31,RJ,5343.84,25
2044,50,SC,7097.61,33
2045,21,MG,1846.25,18
2046,40,SP,4565.02,22
2047,27,BA,5481.97,10
2048,44,PR,3593.76,7
2049,41,GO ,2922.06,31
2050,33,BA,9512.23,18
2051,63,BA,3969.2,6
2052,38,SP,3967.35,34
2053,51,PR,3094.71,8
2054,24,RS,3529.29,36
2055,37,SC,3526.91,17
2056,40,SP,3936.13,38
2057,40,PR,1831.35,34
2058,35,SP,1720.49,45
2059,30,SP,2953.22,31
2060,21,SP,3449.52,22
2061,32,PR,,27
2062,29,SP,6127.8,35
2063,36,SP,4073.84,6
2064,48,CE,6149.64,39
2065,63,BA,4698.2,30
2066,45,GO,1600.0,12
2067,50,RJ,5377.83,24
2068,46,CE,9155.08,13
2069,47,DF,4497.89,16
2070,45,PR,4009.3,33
2071,36,SP,2209.39,19
2072,35,RJ,4733.12,21
2073,42,SP,2351.91,4
2074,59,SP,1600.0,6
2075,47,SC,4691.98,10
2076,57,SC,6538.37,35
2077,25,RJ,3547.22,11
2078,42,RS,3770.4,15
2079,43,SC,2868.65,40
2080,45,RS,9925.77,5
2081,24,SP,5104.55,22
2082,21,SP,3436.55,12
2083,21,SC,3519.3,22
2084,34,PR,4458.37,41
2085,65,BA,7547.8,20
2086,41,SP,3076.52,4
2087,26,MG,2550.31,12
2088,43,BA,4903.58,18
2089,36,BA,3862.61,45
2090,41,DF,1852.79,28
2091,34,RS,3853.98,8
2092,25,GO,3480.51,7
2093,33,RS,3305.09,32
2094,47,SP,4472.9,30
2095,42,MG,4697.14,7
2096,52,SP,10315.94,18
2097,27,DF,5806.34,22
2098,51,SP,6528.59,39
2099,40,MG,3225.9,35
2100,41,RJ,4134.39,78
2101,53,RJ,2861.69,19
2102,38,PE,2823.42,39
2103,42,RJ,6499.05,24
2104,46,RJ,13504.07,21
2105,46,MG,6037.23,46
2106,48,DF,5150.56,14
2107,53,DF,5522.16,37
2108,45,CE,6381.92,7
2109,34,RS,3956.24,17
2110,66,PR,3995.0,60
2111,39,DF,5806.97,28
2112,43,BA,9914.59,40
2113,31,MG,4312.98,15
2114,21,PR,1671.16,22
2115,31,SP,6326.01,27
2116,40,SP,4612.41,26
2117,45,DF,2684.64,16
2118,40,DF,2621.79,38
2119,48,GO,1600.0,35
2120,50,DF,2708.6,17
2121,50,SP,3663.93,47
2122,39,RJ,5450.09,29
2123,40,RS,4009.02,7
2124,37,SC,2408.19,17
2125,30,RJ,3297.64,4
2126,55,SP,4229.85,2
2127,26,SC,5689.73,20
2128,39,GO,4832.61,16
2129,42,RJ,6571.09,24
2130,21,SP,1600.0,49
2131,48,CE,4618.79,14
2132,36,MG,4843.63,27
2133,42,RJ,2474.07,7
2134,36,SP,4623.54,14
2135,23,SP,3121.97,11
2136,42,BA,2135.67,31
2137,41,SC,2046.17,6
2138,50,RJ,5561.83,3
2139,45,MG,5686.14,33
2140,21,SP,7515.68,68
2141,52,SP,6248.68,25
2142,48,RS,5414.92,13
2143,48,SP,2322.18,26
2144,45,BA,3730.96,37
2145,32,RJ,3586.65,23
2146,45,SP,12465.5,29
2147,35,RJ,2595.2,43
2148,70,MG,2063.73,47
2149,37,RS,2412.06,20
2150,27,MG,7222.49,3
2151,36,SP,2951.18,10
2152,55,SP,6225.26,46
2153,33,SP,3160.93,24
2154,21,RS,7333.71,39
2155,56,MG,1804.05,13
2156,43,SP,3272.52,16
2157,34,SP,5783.91,10
2158,47,SP,3680.51,19
2159,29,RS,2560.41,47
2160,27,PE,9138.05,11
2161,50,DF,1942.33,6
2162,34,RS,2628.18,7
2163,45,DF,7761.52,34
2164,40,SC,10596.87,6
2165,49,PE,4164.45,51
2166,41,MG,2107.57,21
2167,21,MG,2078.69,4
2168,47,GO,2612.4,8
2169,34,SP,3974.68,30
2170,49,RS,8649.92,27
2171,41,BA,6853.6,16
2172,55,CE,7066.63,17
2173,36,MG,3190.74,59
2174,21,SP,6272.94,9
2175,36,SP,6462.73,5
2176,45,BA,6640.67,30
2177,36,RS,4152.04,26
2178,34,RS,3353.93,78
2179,56,RS,7680.88,27
2180,38,PR,9858.0,32
2181,51,RJ,3716.28,29
2182,41,MG,5092.76,33
2183,24,SP,7618.08,21
2184,29,RJ,9653.7,19
2185,36,RJ,10960.02,32
2186,43,SP,4286.7,46
2187,31,GO,8428.77,18
2188,24,RS,2194.68,10
2189,28,SP,1600.0,39
2190,34,SP ,3337.3,44
2191,30,BA,5100.65,26
2192,33,RJ,1858.3,30
2193,60,CE,3886.73,33
2194,43,PR,4632.64,21
2195,30,MG,4159.67,52
2196,39,DF,4878.24,16
2197,57,GO,7744.2,16
2198,47,PE,3650.44,38
2199,38,GO,3271.68,4
2200,25,SP,5663.26,49
2201,21,MG,7513.35,3
2202,36,RS,3320.05,32
2203,38,SC,8833.4,8
2204,22,RS,6295.18,4
2205,25,DF,3422.55,3
2206,39,BA,4132.5,67
2207,21,SP,2742.23,22
2208,21,MG,6101.38,26
2209,39,BA,4447.12,21
2210,46,RJ,12361.6,1
2211,43,SP,1600.0,12
2212,50,GO,2170.89,3
2213,57,RJ,3185.42,53
2214,49,PR,5587.65,34
2215,36,RS,3452.71,30
2216,63,SP,2850.39,32
2217,58,PE,5288.69,28
2218,50,BA,3339.57,19
2219,30,RJ,4791.45,54
2220,44,SP,6835.54,32
2221,21,SP,7144.65,12
2222,36,SC,1806.75,49
2223,21,RS,2816.51,72
2224,35,SP,5344.08,25
2225,51,MG,3821.05,19
2226,40,GO,2772.07,54
2227,57,RJ,5841.22,38
2228,39,RS,4414.15,9
2229,41,GO,5387.09,38
2230,36,RJ,6848.36,23
2231,45,MG,3438.83,6
2232,39,PE,7340.76,32
2233,53,RJ,4652.09,19
2234,57,RJ,4873.41,22
2235,44,GO,7355.02,12
2236,27,SC,1769.24,62
2237,46,PE,1728.11,22
2238,55,RS,2272.58,30
2239,47,SP,6714.95,29
2240,43,MG,4507.77,11
2241,50,SP,3128.95,51
2242,54,SP,2407.67,42
2243,21,GO,1685.73,11
2244,56,RJ,4945.06,15
2245,48,SP,4163.36,30
2246,45,CE,5183.49,27
2247,34,RS,6893.44,5
2248,42,CE,4914.63,59
2249,46,CE,8741.54,72
2250,23,RS,3384.85,16
2251,48,RS,9475.47,18
2252,40,GO,5305.73,19
2253,56,PE,3156.03,27
2254,47,GO,4642.44,13
2255,38,SP,13538.55,39
2256,40,PE,2145.01,17
2257,47,SP,3043.27,51
2258,41,DF,3353.79,8
2259,46,SP,4611.5,14
2260,32,RS,4352.25,47
2261,26,MG,11483.69,11
2262,33,SP,3769.48,31
2263,24,SP,6004.35,35
2264,31,SP,3202.24,15
2265,44,CE,2312.29,16
2266,22,SP,3870.66,14
2267,26,DF,3677.32,25
2268,48,SP,6034.27,44
2269,34,SP,8525.46,22
2270,40,SP,3291.93,14
2271,26,RS,7526.87,18
2272,28,PR,2430.85,31
2273,36,PE,10719.86,15
2274,58,RS,1904.89,22
2275,45,PR,3186.18,27
2276,21,SP,4783.22,26
2277,45,SP,3420.74,52
2278,50,PE,2282.22,48
2279,47,BA,6087.46,24
2280,26,PR,2442.61,7
2281,39,MG,6991.59,17
2282,63,CE,1910.57,28
2283,29,RS,7262.05,7
2284,43,SP,6493.84,13
2285,31,SP,5513.4,7
2286,26,SC,7295.61,2
2287,35,PR,3735.39,22
2288,51,DF,,32
2289,52,MG,7722.34,17
2290,30,SP,2385.22,14
2291,34,SC,3600.29,27
2292,30,SC,3698.68,24
2293,21,GO,3674.59,9
2294,46,SP,3576.54,29
2295,57,MG,1600.0,16
2296,56,SP,4101.13,24
2297,35,RS,4792.9,54
2298,54,SC,8020.23,44
2299,52,PR,6298.73,11
2300,36,RS,3002.7,41
2301,40,PE,3562.0,12
2302,36,RJ,2497.2,49
2303,42,GO,3393.71,53
2304,60,SP,2971.05,27
2305,30,RS,7376.68,26
2306,27,GO,5043.5,11
2307,49,RJ,5662.2,67
2308,40,CE,3369.54,29
2309,21,SP,3783.52,25
2310,29,RJ,5413.0,23
2311,31,RJ,2687.67,23
2312,33,MG,5435.5,29
2313,43,CE,6565.7,32
2314,51,CE,3021.67,8
2315,38,CE,4112.58,68
2316,41,SP,,26
2317,32,GO,10014.6,60
2318,51,MG,5250.46,20
2319,55,SP,7420.31,53
2320,37,MG,3686.08,29
2321,32,SP ,2595.19,29
2322,63,MG,3948.49,23
2323,50,RJ,8714.61,14
2324,30,PR,9937.59,5
2325,21,SP,6327.55,11
2326,37,RS,4139.19,38
2327,53,PE,5187.36,4
2328,34,SP,7474.67,25
2329,37,RS,2418.53,23
2330,34,DF,6739.09,38
2331,47,GO ,2709.49,24
2332,55,SP,4841.18,19
2333,26,BA,6223.08,38
2334,37,MG,4899.87,22
2335,38,DF,4445.61,5
2336,33,sc,8418.05,18
2337,27,SP,3411.01,9
2338,49,SP,3508.45,53
2339,42,GO,2576.93,47
2340,48,SP,4674.36,25
2341,57,SP,6330.98,16
2342,36,GO,3992.94,27
2343,46,PR,1600.0,26
2344,35,MG,5354.72,8
2345,39,BA,5926.85,9
2346,44,BA,2682.0,43
2347,38,RJ,3741.84,28
2348,23,RJ,4300.92,13
2349,57,SC,2804.78,43
2350,42,SP,4879.3,18
2351,27,SP,4426.46,14
2352,21,SP,2281.79,29
2353,40,BA,1600.0,9
2354,47,SP,2578.16,21
2355,51,SP,8959.69,24
2356,52,GO,8002.43,7
2357,36,SP,3558.73,3
2358,47,PE,2380.83,25
2359,23,SP,9117.1,15
2360,42,BA ,6120.8,22
2361,50,MG,8191.55,17
2362,33,MG,11324.68,16
2363,38,SP,5334.72,27
2364,41,GO,4411.84,14
2365,41,GO,2806.7,11
2366,56,MG,4547.16,30
2367,28,GO,2481.25,34
2368,55,DF,7453.33,16
2369,26,RS,3742.74,26
2370,33,RJ,9783.81,20
2371,31,DF,3507.19,4
2372,39,RJ,5328.16,22
2373,35,SP,2771.87,17
2374,45,PR,6732.84,34
2375,40,PR,2710.14,53
2376,64,PR,8440.87,6
2377,44,PR,5647.75,15
2378,37,SP,1600.0,46
2379,44,MG,2009.74,4
2380,47,SP,4786.63,33
2381,38,RS,4083.24,10
2382,28,PR,12260.17,23
2383,31,MG,2623.21,37
2384,42,BA,3765.56,8
2385,49,SP,4207.07,12
2386,45,GO,4768.62,15
2387,39,RJ,10609.23,15
2388,46,PE,4018.99,8
2389,35,DF,1794.59,21
2390,43,SP,9801.75,17
2391,56,SC,5293.95,8
2392,52,SC,1897.99,17
2393,55,RS,2946.98,18
2394,36,CE,3571.77,16
2395,42,DF,4517.94,21
2396,29,MG,6492.41,22
2397,50,GO,3709.83,32
2398,35,SC,3187.71,17
2399,25,BA,2505.66,12
2400,34,RJ,3858.26,12
2401,43,BA,4388.49,14
2402,21,PR,5418.51,23
2403,24,PR,1600.0,39
2404,51,PR,2618.65,50
2405,41,SP,5444.98,18
2406,39,PR,10445.04,4
2407,22,SP,6863.61,16
2408,57,MG,1600.0,3
2409,51,CE,1600.0,32
2410,48,DF,5706.08,9
2411,28,DF,4310.05,19
2412,46,RJ,4355.79,35
2413,53,MG,12175.82,28
2414,36,GO,2382.34,10
2415,37,PR,8059.3,7
2416,35,RJ,4469.17,9
2417,47,SP,3065.64,46
2418,37,SP,1600.0,14
2419,36,MG,2238.66,12
2420,24,BA,9544.69,19
2421,22,PR,4421.21,13
2422,50,RJ,6492.39,18
2423,57,CE,5759.71,37
2424,49,RJ,3869.58,24
2425,56,BA,6616.11,28
2426,34,BA,4995.29,13
2427,39,MG,,41
2428,44,RJ,3544.09,26
2429,38,RJ,2846.27,7
2430,58,SC,4912.73,16
2431,25,MG,3807.6,40
2432,34,PE,7652.34,68
2433,36,PE,3563.0,30
2434,32,PR,2580.9,17
2435,49,PR,1600.0,24
2436,21,SP,6335.69,21
2437,52,SP,16135.21,23
2438,50,RS,4132.97,40
2439,43,SP,1600.0,20
2440,55,PR,6952.24,43
2441,66,SP,2938.14,16
2442,42,BA,6121.7,16
2443,48,RS,5124.67,9
2444,44,RJ,6184.53,11
2445,46,RJ,4495.84,7
2446,34,BA,3636.53,10
2447,32,SP,7491.78,16
2448,47,PR,3600.99,3
2449,34,PE,7918.24,14
2450,50,RJ,3049.65,12
2451,49,SP,4561.45,24
2452,35,RS,2817.85,31
2453,44,CE,6942.91,23
2454,41,SP,2926.06,8
2455,39,PE,2708.35,20
2456,53,RJ,7005.15,29
2457,41,RS,5045.2,24
2458,43,MG,4014.88,21
2459,21,SP,2465.12,14
2460,47,PE,4092.12,23
2461,24,RJ,5203.87,39
2462,36,MG,6003.9,4
2463,58,DF,2867.36,25
2464,60,MG,5491.93,7
2465,36,PR,1600.0,29
2466,26,MG,4334.41,5
2467,45,PR,2568.35,19
2468,36,PE,6151.76,24
2469,44,GO,3326.32,16
2470,25,PR,14393.17,57
2471,52,RJ,4549.68,31
2472,57,sp,4978.02,84
2473,24,DF,1600.0,5
2474,32,SP,1988.05,23
2475,32,SP,7214.68,15
2476,48,SP,2897.89,19
2477,21,DF,7586.99,7
2478,42,SP,2844.4,7
2479,38,SP,5782.37,8
2480,31,GO,2706.77,31
2481,48,PR,5258.01,4
2482,21,SP,5973.58,14
2483,25,GO,6752.88,9
2484,32,PR,2798.61,4
2485,48,SP,2071.31,25
2486,36,SP,5611.55,37
2487,31,MG,4696.91,4
2488,45,SP,5972.96,8
2489,35,MG,2173.05,23
2490,33,BA,6217.49,68
2491,37,RS,3800.19,2
2492,44,PE,2339.06,20
2493,70,SP,3262.48,10
2494,28,SP,6832.6,28
2495,43,BA,4561.47,8
2496,39,SP,4515.95,24
2497,37,PR,4368.13,22
2498,57,GO,3384.75,40
2499,49,PR,8078.49,21
2500,48,RS,4236.64,16
2501,35,MG,1919.59,31
2502,31,SP,1924.82,25
2503,44,SP,3105.75,14
2504,37,SP,3406.87,14
2505,34,SP,6204.62,21
2506,48,SP,1600.0,13
2507,27,SP,6317.42,24
2508,32,pr,7893.13,12
2509,49,PE,3238.31,11
2510,40,SP,8237.95,30
2511,48,RS,2901.58,30
2512,31,PR,3833.41,30
2513,48,PR,3205.12,26
2514,33,SC,9965.83,17
2515,55,SP,7828.13,11
2516,49,GO,7599.99,47
2517,46,SP,2265.7,11
2518,57,BA,4429.02,7
2519,44,CE,2266.4,16
2520,34,RJ,4570.57,19
2521,58,MG,5696.77,10
2522,44,PE,8857.24,19
2523,54,SP,3889.41,7
2524,42,SC,4770.71,9
2525,53,MG,3898.22,16
2526,31,GO,2353.21,22
2527,27,SP,10376.35,13
2528,25,DF ,5189.28,2
2529,49,RS,9247.63,5
2530,21,BA,6657.72,8
2531,21,DF,2108.48,41
2532,25,MG,3002.81,16
2533,43,SP,6126.46,42
2534,45,GO,6718.55,14
2535,32,SP,6131.95,27
2536,49,SP,4222.83,28
2537,44,SP,6746.3,33
2538,54,GO,2462.05,39
2539,51,SP,3681.96,63
2540,33,PR,2240.75,9
2541,43,RJ,7243.75,52
2542,39,MG,5169.38,28
2543,46,SP,6191.94,11
2544,43,BA,3644.37,39
2545,41,RJ,1600.0,6
2546,49,SP,2727.41,18
2547,41,SP,4573.0,7
2548,49,SC,4330.06,13
2549,41,BA,6951.94,20
2550,39,SP,7762.59,42
2551,51,MG,3091.66,44
2552,51,BA,6466.33,33
2553,54,SP,1628.09,39
2554,48,MG,6059.78,13
2555,38,RJ,1600.0,20
2556,43,DF,5536.94,13
2557,43,BA,1600.0,2
2558,22,SP,5507.44,23
2559,28,MG,10078.72,35
2560,58,BA,3829.62,26
2561,40,MG,6183.44,14
2562,21,BA,7744.26,19
2563,39,BA,1600.0,14
2564,43,SP,1600.0,14
2565,27,PR,4241.21,32
2566,66,RS,2298.78,42
2567,53,SP,3355.31,84
2568,50,SP,18899.25,23
2569,39,DF,11753.98,28
2570,46,SP,6024.9,29
2571,50,RJ,2907.89,42
2572,46,BA,5718.85,14
2573,33,GO,5148.1,21
2574,43,DF,3875.14,28
2575,42,RS,10612.36,32
2576,44,RJ,1600.0,18
2577,29,RS,10217.7,25
2578,44,SP,3361.75,47
2579,41,RJ,8798.47,19
2580,43,SP,3948.99,20
2581,43,SP,3093.64,20
2582,25,RS,2932.77,5
2583,50,GO,4916.25,20
2584,49,DF,5183.73,17
2585,26,MG,22000.0,24
2586,40,RS,10351.93,17
2587,31,SP,4168.79,16
2588,36,DF,2164.05,26
2589,52,CE,4504.64,68
2590,46,MG,5887.75,13
2591,62,SP,1655.54,22
2592,42,RJ,4290.9,2
2593,28,GO,8792.6,34
2594,42,SP,3300.82,26
2595,21,SP,1745.24,21
2596,60,CE,6534.15,25
2597,43,MG,10540.89,14
2598,45,PR,3814.88,18
2599,42,SP,4704.99,42
2600,31,MG,8256.27,35
2601,39,MG,5814.7,13
2602,32,RS,2921.8,26
2603,35,RJ,3552.98,17
2604,44,PR,4112.14,6
2605,27,GO,4313.22,17
2606,58,DF,8306.26,17
2607,28,SP,2426.93,56
2608,49,SP,5381.25,22
2609,33,SC,3958.4,19
2610,26,RS,1600.0,6
2611,44,SP,6508.11,22
2612,42,GO,4669.22,7
2613,37,RS,2090.5,37
2614,39,PR,1600.0,52
2615,33,SP,7317.74,45
2616,44,PR,11086.23,27
2617,34,SP,4535.8,33
2618,40,SP,3801.78,28
2619,52,GO,6480.82,13
2620,25,GO,2978.26,41
2621,33,SC,3215.3,37
2622,32,SP,7355.13,29
2623,31,SP,2265.84,3
2624,25,SP,8216.19,8
2625,36,SP,5095.38,26
2626,41,RS,8989.45,7
2627,38,SP,1600.0,36
2628,22,SP,8936.98,11
2629,47,RS,4083.42,19
2630,47,MG ,6156.97,25
2631,40,BA,2724.04,37
2632,28,GO,2420.22,21
2633,30,RJ,8242.27,57
2634,60,SC,5648.04,17
2635,58,BA,,16
2636,44,SP,6338.03,13
2637,29,RS,6084.07,11
2638,53,DF,1773.39,10
2639,41,CE,3631.02,10
2640,57,SC,3561.05,12
2641,33,PE,13426.75,50
2642,44,PR,9196.39,21
2643,37,PR,2626.7,18
2644,47,MG,1867.05,15
2645,32,DF,6485.03,21
2646,49,PE,5988.74,20
2647,35,PR,9421.29,13
2648,29,SP,2259.95,7
2649,45,SP,11118.2,23
2650,42,RS,4850.6,53
2651,21,MG,8988.92,65
2652,39,SP,5095.64,17
2653,40,BA,3436.6,54
2654,41,SP,2778.47,27
2655,61,CE,9397.35,9
2656,32,MG,1600.0,18
2657,39,SP,8038.86,14
2658,21,SC,6421.72,30
2659,23,PE,2937.79,4
2660,33,SP,6717.01,19
2661,38,RJ,4042.44,46
2662,37,RJ,2083.5,19
2663,46,PE,3684.05,47
2664,47,SP,6029.42,21
2665,50,SP,4435.7,3
2666,37,SP,2805.42,33
2667,44,RJ,6352.33,78
2668,31,RJ,6552.57,10
2669,43,PR,8589.57,42
2670,44,SC,4874.65,39
2671,33,GO,10052.67,36
2672,21,MG,2867.12,6
2673,32,MG,3349.85,22
2674,67,GO,1909.75,8
2675,38,SP,4110.57,61
2676,32,BA,4408.96,25
2677,40,MG,4192.86,21
2678,51,PR,2060.26,55
2679,43,PE,7549.53,13
2680,37,DF,1625.02,44
2681,25,MG,2486.97,29
2682,36,RJ,1600.0,18
2683,26,SC,7621.18,13
2684,43,BA,6628.9,14
2685,56,PR,3778.34,16
2686,51,PR,5080.45,5
2687,32,CE,2084.15,31
2688,28,GO,2278.98,43
2689,24,BA,2419.65,24
2690,44,SP,5036.88,23
2691,45,SP,3370.54,40
2692,48,PR,4640.56,23
2693,43,SC,2291.65,33
2694,26,SP,1953.32,5
2695,21,PR,5340.27,51
2696,51,SP,4948.36,18
2697,30,PE,5393.98,17
2698,60,RJ,2933.73,20
2699,21,MG,4898.37,8
2700,27,RS,1736.63,48
2701,29,MG,2257.55,5
2702,42,SC,5055.62,31
2703,46,SP,2455.03,41
2704,33,SP,2099.95,26
2705,45,SP,2463.82,18
2706,25,CE,10802.41,9
2707,33,RS,3302.25,12
2708,25,RJ,5012.89,49
2709,33,MG,3844.0,50
2710,32,MG,16781.78,14
2711,42,SP,3990.12,24
2712,70,SP,7711.11,18
2713,24,SP,7266.28,12
2714,37,SP,5437.49,31
2715,46,SP,4296.29,19
2716,40,DF,1802.21,26
2717,54,MG,5895.24,56
2718,28,SP,14822.22,32
2719,47,SP,5839.6,44
2720,30,DF,13716.36,27
2721,48,SP,6496.35,40
2722,41,SP,7287.32,5
2723,41,BA,3305.75,21
2724,32,MG,4014.93,13
2725,21,BA ,5688.44,64
2726,27,DF,8220.87,11
2727,47,PR,2414.44,43
2728,36,SP,1918.87,28
2729,47,SP,4057.74,62
2730,24,DF,4060.2,16
2731,46,PE,5636.74,9
2732,50,SP,11410.29,5
2733,21,SP,3142.83,36
2734,42,MG,12511.75,21
2735,60,SP,5973.7,24
2736,30,MG,4387.57,16
2737,50,RS,1663.64,41
2738,39,CE,10076.21,21
2739,48,SC,11844.81,57
2740,35,PR,5686.05,14
2741,30,rj,5778.61,18
2742,34,PR,3393.37,58
2743,35,PR,1600.0,14
2744,32,SP,2740.33,52
2745,29,RJ,1889.86,19
2746,51,SP,1969.44,12
2747,32,SP,2654.55,12
2748,26,PR,3075.98,28
2749,29,BA,5710.27,23
2750,44,GO,8949.59,14
2751,21,SP,3770.28,23
2752,44,RS,6689.34,16
2753,47,PR,3486.28,20
2754,53,CE,3563.66,16
2755,34,RJ,5149.49,4
2756,30,PR,2969.65,28
2757,41,SP,4867.06,14
2758,40,RJ,3209.99,35
2759,53,RJ,2583.75,4
2760,39,SP,2889.95,39
2761,34,SP,,29
2762,24,PE,4843.39,4
2763,37,SP,3255.65,6
2764,40,RS,4643.36,5
2765,52,MG,2731.99,43
2766,40,RJ,3216.3,24
2767,54,SC,3422.67,52
2768,53,PR,1625.36,20
2769,31,RS,3809.28,10
2770,26,GO,5340.3,21
2771,32,PR,4867.84,14
2772,36,SP,3844.49,5
2773,30,CE,,31
2774,47,MG,2628.47,22
2775,46,PE,7783.92,28
2776,52,RJ,7215.72,8
2777,42,MG,4684.42,74
2778,34,SP,9780.59,29
2779,43,GO,2680.72,21
2780,29,RJ,4802.37,7
2781,41,MG,3852.01,30
2782,31,MG,2717.44,25
2783,52,SP,3491.34,83
2784,21,PE,5239.18,7
2785,48,SP,5234.51,39
2786,49,SC,5944.02,10
2787,39,PR,2883.32,27
2788,43,SC,3950.36,26
2789,41,SP,3920.2,41
2790,53,MG,2895.98,27
2791,57,PE,4147.67,45
2792,39,RS,1600.0,11
2793,57,MG,2182.71,8
2794,32,SP,3160.13,56
2795,44,MG,3381.42,53
2796,44,MG,5969.32,24
2797,25,PR,3058.07,33
2798,43,RJ,10616.84,36
2799,32,RS,1843.63,30
2800,48,PE,11558.57,22
2801,29,CE,2456.97,7
2802,21,PR,2203.96,43
2803,25,SP,2749.47,6
2804,39,SP,2943.74,10
2805,42,SP,3526.32,5
2806,43,RS,3214.7,19
2807,31,CE,5341.79,26
2808,48,MG,6386.37,30
2809,33,SC,2306.99,24
2810,37,RJ,8218.07,56
2811,50,PR,4760.27,18
2812,37,CE,4151.89,6
2813,21,SP,6632.49,3
2814,47,DF,3940.71,25
2815,39,SP,9210.72,21
2816,35,CE,2126.08,16
2817,53,SP,8122.45,9
2818,32,SP,3194.88,39
2819,46,GO,6228.14,8
2820,40,RJ,3243.09,10
2821,68,SC,10418.83,11
2822,21,MG,5141.11,17
2823,41,MG,6296.64,20
2824,43,SC,2313.58,26
2825,51,PR,1837.54,28
2826,34,PR,4754.54,37
2827,32,SP,9621.87,25
2828,54,RJ,4559.23,24
2829,34,PR,1852.73,43
2830,42,PE,10666.87,42
2831,38,MG,3141.82,43
2832,43,BA,6336.82,14
2833,24,SP,2654.41,14
2834,33,RS,2813.99,31
2835,38,BA,4890.34,27
2836,40,SP,1600.0,15
2837,51,MG,2399.52,24
2838,45,CE,3290.91,13
2839,45,SP,3307.95,19
2840,38,SP,1684.62,38
2841,53,SP,7571.71,25
2842,32,SP,3645.4,35
2843,38,DF,3736.81,43
2844,23,BA,1600.0,38
2845,27,PR,3880.7,7
2846,48,CE,5804.64,40
2847,38,DF,6489.36,37
2848,21,PE,5638.94,40
2849,38,RJ,3878.82,35
2850,36,PE,3554.46,6
2851,26,PE,4445.7,41
2852,43,SP,5807.47,12
2853,36,SP,3550.97,6
2854,39,RJ,3567.33,42
2855,49,RJ,4965.57,12
2856,32,SP,3493.71,7
2857,51,RJ,4628.09,29
2858,36,BA,4317.0,46
2859,36,GO,2420.39,78
2860,53,RJ,9133.59,36
2861,43,DF,5792.09,25
2862,34,SP,2438.52,32
2863,38,RS,2373.88,39
2864,41,RS,3065.2,34
2865,23,MG,2882.21,9
2866,46,SP,2330.73,18
2867,39,MG,4492.82,18
2868,25,CE,3333.44,8
2869,29,SC,2369.14,10
2870,48,MG,9165.57,46
2871,25,SP,3285.29,37
2872,62,RJ,4724.38,10
2873,27,SP,1912.19,35
2874,41,RJ,2167.86,8
2875,21,SP,2278.98,13
2876,38,RJ,6566.79,5
2877,33,RJ,5848.87,21
2878,44,MG,3470.48,31
2879,41,MG,3350.66,17
2880,35,RS,4708.76,24
2881,62,RJ,2461.99,19
2882,47,SP,3449.71,5
2883,31,PE,6591.49,20
2884,43,SP,2418.12,15
2885,21,RS,5591.14,21
2886,32,SP,3720.87,16
2887,52,SP,4346.4,19
2888,33,RJ,3624.3,33
2889,40,RJ,6241.71,10
2890,26,PE,6302.18,10
2891,47,MG,5291.7,11
2892,40,PR,1620.38,11
2893,39,GO,4201.0,29
2894,49,SP,7462.97,18
2895,57,PE,2267.7,19
2896,47,SP,1707.11,24
2897,21,MG,3481.87,10
2898,43,RJ,6087.5,11
2899,41,DF,1965.82,51
2900,26,RJ,4706.38,17
2901,21,BA,3360.05,19
2902,34,RJ,3840.63,30
2903,35,SC,4894.39,8
2904,38,SP,3562.11,10
2905,30,MG,2882.41,6
2906,40,MG,4299.6,11
2907,42,BA,9068.26,24
2908,35,BA,5443.96,3
2909,43,RJ,5730.53,4
2910,32,SP,2377.48,22
2911,21,MG,2973.48,22
2912,38,DF,1918.98,23
2913,48,SP,6515.63,26
2914,68,CE,6798.09,16
2915,21,DF,4992.5,29
2916,33,DF,6032.7,40
2917,29,PR,3150.1,38
2918,41,RJ,3242.95,10
2919,29,CE,7634.05,23
2920,40,BA,3192.12,27
2921,49,DF,6911.97,7
2922,30,SP,9778.66,1
2923,38,PE,2127.86,36
2924,56,SP,2465.88,37
2925,48,SP,10003.61,19
2926,21,GO,6825.2,11
2927,61,PE,9295.16,72
2928,31,SP,9971.77,25
2929,42,SP,3407.2,18
2930,34,RS,11993.4,29
2931,33,DF,8523.17,13
2932,31,PE,7029.78,22
2933,45,RS,4814.02,38
2934,30,RJ,3327.86,31
2935,25,MG,2665.33,38
2936,32,SP,,17
2937,38,BA,2556.14,12
2938,21,RS,2654.81,40
2939,47,SP,4478.85,4
2940,31,SP,2758.98,19
2941,46,BA,1600.0,9
2942,54,PE,4431.64,13
2943,42,RJ,1600.0,30
2944,44,DF,3347.07,33
2945,34,CE,5846.95,28
2946,31,SP,1747.59,25
2947,21,PE,2083.34,28
2948,36,CE,3900.91,5
2949,32,SC,8327.18,14
2950,21,PE,3750.67,17
2951,41,PE,3150.03,23
2952,55,SP,4643.86,15
2953,43,SP,1600.0,32
2954,51,PR,1760.31,11
2955,36,PR,5837.14,14
2956,27,RS,6212.75,25
2957,39,SP,5555.38,7
2958,35,SP,4326.93,29
2959,26,MG,5141.0,29
2960,50,SP,1600.0,21
2961,40,MG,2216.81,13
2962,31,SP,3239.83,59
2963,41,SP,6826.31,15
2964,37,RJ,4472.08,19
2965,45,PR,4096.47,77
2966,56,SP,2173.84,34
2967,32,SC,4313.46,39
2968,25,PE,4969.05,45
2969,54,PE,5531.33,39
2970,65,MG,3767.19,16
2971,32,RS,12376.86,13
2972,29,MG,2147.22,37
2973,25,MG,6639.89,27
2974,38,CE,2017.05,10
2975,40,MG,2024.24,23
2976,36,CE,6028.11,13
2977,48,SP,3277.35,2
2978,30,GO,2700.21,16
2979,32,RS,4183.12,14
2980,25,RJ,16597.5,18
2981,54,PE,2944.32,22
2982,50,SP,3422.31,37
2983,53,RJ,8084.31,26
2984,29,RJ,3027.59,57
2985,53,GO,15359.31,9
2986,42,RS,2044.4,13
2987,47,PE,3673.9,17
2988,45,SP,7079.51,58
2989,35,SP,3647.27,12
2990,37,PR,3153.77,36
2991,22,BA,1907.27,19
2992,33,SP,3844.08,33
2993,36,MG,6626.92,21
2994,26,SP,3571.13,31
2995,40,SP,2396.75,45
2996,53,RJ,8585.19,50
2997,33,SP,6582.98,47
2998,28,RJ,5673.88,37
2999,29,SP,3655.99,12
3000,41,PE,2575.81,29
3001,58,GO,7723.23,20
3002,41,RJ,4268.91,43
3003,39,RJ,3349.23,32
3004,25,RJ,3723.97,48
3005,42,PR,5086.12,24
3006,46,DF,6535.94,12
3007,34,SP,4061.63,7
3008,38,DF,3333.61,5
3009,32,SP,2209.84,11
3010,47,PR,3524.71,3
3011,53,SP,3653.8,12
3012,43,PE,4886.42,11
3013,44,SP,4051.91,11
3014,39,SP,3056.31,55
3015,32,MG,3849.06,15
3016,30,RJ,,18
3017,34,MG,3880.94,53
3018,40,MG,3722.85,59
3019,39,SP,3574.62,25
3020,50,MG,3412.87,14
3021,47,SC,4935.31,20
3022,55,SP,5734.8,39
3023,47,DF,3495.86,17
3024,36,RJ,3693.49,28
3025,40,PR,5067.9,22
3026,21,CE,6185.79,7
3027,57,RS,8676.1,17
3028,32,GO,1983.51,24
3029,34,SP,6516.72,21
3030,59,SP,3154.11,47
3031,27,SP,5761.46,20
3032,32,RS,6762.04,31
3033,38,MG,11190.63,6
3034,32,PR,3124.77,55
3035,40,RS,7159.85,12
3036,42,SP,1600.0,9
3037,46,DF,4236.63,24
3038,38,SP,1600.0,39
3039,46,DF,2784.95,26
3040,35,PE,2229.79,24
3041,46,SP,1863.25,33
3042,52,SP,4056.03,13
3043,21,PE,2256.81,17
3044,36,SC,2186.43,14
3045,41,PR,2655.01,27
3046,21,DF,3076.08,30
3047,21,RS,5403.36,78
3048,42,BA,3206.41,43
3049,32,BA,2464.41,13
3050,47,PR,1614.73,33
3051,39,PE,5583.2,64
3052,39,SP,4763.18,25
3053,35,MG ,5705.37,12
3054,40,MG,2831.66,4
3055,29,SP,7841.93,42
3056,33,MG,5510.08,7
3057,47,PR,14021.99,39
3058,36,SP,3347.21,8
3059,44,CE,6433.53,18
3060,39,SP,9859.55,16
3061,35,RJ,3599.72,37
3062,28,SP,4033.92,5
3063,48,SP,3118.67,10
3064,30,PR,3527.18,36
3065,43,SP,6333.61,7
3066,22,BA,4572.79,33
3067,42,SP,,16
3068,43,SP,15655.56,37
3069,32,MG,2783.62,18
3070,21,BA,7714.27,6
3071,37,SP,4232.35,43
3072,40,GO,5962.51,32
3073,33,SP,5640.34,6
3074,31,RJ,6396.35,6
3075,49,MG,6379.2,7
3076,38,CE,10558.21,6
3077,34,SP,2863.24,7
3078,48,DF,2030.47,14
3079,39,SP,1678.02,13
3080,31,PE,1600.0,25
3081,48,GO,5430.69,2
3082,35,MG,1600.0,4
3083,49,BA,1720.91,42
3084,32,RJ,4700.22,29
3085,42,RJ,3521.74,25
3086,52,DF,4322.51,7
3087,44,RS,1600.0,26
3088,44,SP,2043.0,30
3089,44,RS,1771.53,50
3090,48,BA,4026.61,43
3091,40,RS,3986.65,39
3092,44,PR,5060.26,18
3093,36,SP,7930.64,57
3094,60,RJ,22000.0,13
3095,29,RJ,3061.28,7
3096,48,PR,5967.51,6
3097,28,MG,6685.18,20
3098,45,SP,3846.15,15
3099,53,PR,2373.11,39
3100,27,CE,6544.99,22
3101,58,SP,6654.31,33
3102,28,SP,5538.37,14
3103,30,SP,2757.97,24
3104,42,SP,1600.0,4
3105,27,SP,2320.41,28
3106,50,PR,7893.14,24
3107,44,MG,7838.23,49
3108,21,MG,2353.2,40
3109,23,CE,4699.95,36
3110,31,RJ,8333.58,41
3111,43,RJ,8467.43,7
3112,27,SP,2475.02,55
3113,31,CE,3712.62,4
3114,46,SP,3960.02,9
3115,28,GO,2248.07,26
3116,42,RS,10634.24,27
3117,24,PR,1600.0,32
3118,50,SP,5142.75,17
3119,54,SP,7208.88,24
3120,26,SP,5279.81,24
3121,21,SP,6194.84,10
3122,21,PR,1600.0,8
3123,49,PE,4250.85,11
3124,33,PR,4870.16,28
3125,50,SC,4834.55,32
3126,24,GO,2011.23,22
3127,29,PR,3635.56,15
3128,37,PR,2641.49,17
3129,50,PR,8893.32,56
3130,36,SP,2895.81,29
3131,28,GO,3858.11,34
3132,42,CE,3763.86,76
3133,40,RJ,3703.28,14
3134,44,SP,10515.46,29
3135,37,RS,9223.95,9
3136,32,SP,5120.48,10
3137,39,MG,3465.19,12
3138,21,PR,3268.04,25
3139,42,SP,1600.0,10
3140,52,PE,4340.65,13
3141,45,SP,4948.99,8
3142,28,DF,3792.44,72
3143,22,SC,2509.63,12
3144,53,GO,7993.31,16
3145,33,SP,6371.63,12
3146,36,SP,4564.41,12
3147,41,SP ,9923.49,20
3148,32,SP,4811.83,50
3149,39,MG,11368.95,12
3150,55,RJ,3794.6,18
3151,33,SP,4564.15,28
3152,60,PE,3028.46,47
3153,43,DF,6907.97,21
3154,42,rs,3224.61,22
3155,49,SP,5247.21,11
3156,49,RS,4517.24,39
3157,50,CE,2794.48,3
3158,45,GO,14087.07,58
3159,32,SP,7664.1,9
3160,56,PR,3701.88,37
3161,37,RS,6705.82,59
3162,30,SP,5103.56,48
3163,48,MG,3326.75,12
3164,46,CE,11510.87,13
3165,38,SP,6669.08,24
3166,40,MG,5910.05,12
3167,45,RS,5629.59,35
3168,60,RS,6122.84,13
3169,38,SC,6444.17,29
3170,25,RJ,4871.71,42
3171,33,MG,4741.85,2
3172,44,MG,4561.71,24
3173,37,DF,1870.15,8
3174,32,BA,3868.76,5
3175,47,MG,8336.73,20
3176,47,DF,9901.02,7
3177,37,SP,4771.97,33
3178,42,PR,2765.86,9
3179,32,SC,7432.84,6
3180,32,MG,2753.01,12
3181,35,SC,2435.75,5
3182,24,GO,1987.97,50
3183,42,DF,1600.0,12
3184,38,CE,11925.75,14
3185,33,SP,4356.9,30
3186,40,DF,1600.0,6
3187,40,SP,2716.76,36
3188,31,RJ,1669.94,23
3189,32,SP,6763.44,10
3190,30,RS,2954.73,22
3191,53,RS,2787.81,19
3192,21,SP,5952.74,34
3193,38,MG,10122.5,3
3194,48,PR,2749.75,12
3195,27,SP,4057.57,18
3196,28,RS,2446.51,78
3197,28,GO,6909.77,36
3198,21,GO,4762.01,22
3199,51,RS,4454.77,13
3200,35,MG,2665.18,84
